,Performance Index
9254,36.0
1561,25.0
1670,59.0
6087,22.0
6669,40.0
5933,33.0
8829,30.0
7945,89.0
3508,46.0
2002,83.0
5866,63.0
168,33.0
2588,46.0
5905,69.0
9529,76.0
6384,25.0
7824,63.0
9779,48.0
4629,26.0
8560,64.0
9291,38.0
6874,36.0
6521,36.0
8979,27.0
6647,18.0
9825,66.0
210,37.0
5278,46.0
1919,80.0
718,45.0
4868,53.0
7834,61.0
1298,74.0
9193,60.0
4617,30.0
3128,31.0
9795,60.0
3979,48.0
9924,66.0
8317,89.0
4393,61.0
1287,80.0
4355,47.0
7013,21.0
3885,30.0
5749,45.0
9169,62.0
2407,64.0
2013,40.0
5153,61.0
8551,65.0
4376,23.0
8822,35.0
4273,43.0
5825,36.0
6699,40.0
7243,35.0
449,21.0
2227,56.0
5756,20.0
810,57.0
4180,69.0
9000,27.0
5438,15.0
7533,69.0
6369,51.0
8416,80.0
1477,54.0
1790,26.0
2008,45.0
682,61.0
2816,61.0
9431,33.0
3774,69.0
6495,24.0
8878,54.0
7361,24.0
8366,82.0
7474,33.0
46,17.0
30,39.0
8250,50.0
6935,93.0
1468,44.0
1665,40.0
1416,76.0
6480,49.0
4852,78.0
2470,38.0
4373,34.0
8524,36.0
429,85.0
5244,47.0
2119,83.0
385,45.0
1945,34.0
4224,39.0
473,44.0
2129,66.0
6556,82.0
6998,34.0
1055,61.0
3274,75.0
4961,45.0
5363,38.0
5816,35.0
811,41.0
4573,40.0
6137,35.0
2388,85.0
9648,93.0
6225,23.0
111,38.0
8909,30.0
1745,74.0
7851,49.0
1452,73.0
319,22.0
8593,76.0
3333,84.0
1922,53.0
5865,64.0
9528,78.0
3685,45.0
4275,54.0
4889,29.0
5225,33.0
7472,63.0
3605,76.0
1052,17.0
4156,68.0
9676,56.0
99,25.0
7508,23.0
1456,67.0
7688,44.0
4004,73.0
6866,65.0
4509,54.0
3299,67.0
3799,65.0
4281,29.0
9051,56.0
6462,48.0
7912,41.0
1414,30.0
540,41.0
5815,81.0
8199,21.0
3680,46.0
754,52.0
4196,78.0
2650,95.0
4522,61.0
9519,25.0
3118,78.0
3728,74.0
3886,59.0
7107,69.0
8068,87.0
7325,91.0
8483,79.0
8767,80.0
6500,38.0
8426,89.0
7963,50.0
601,48.0
9249,82.0
8919,43.0
6814,53.0
5411,64.0
8747,24.0
5522,35.0
1044,35.0
7334,64.0
1557,37.0
3739,78.0
3522,24.0
180,65.0
2115,45.0
1699,75.0
1379,25.0
7229,39.0
9143,67.0
618,42.0
3181,94.0
9851,81.0
1600,79.0
5963,34.0
1615,77.0
5920,29.0
9591,79.0
3891,24.0
2083,67.0
4574,45.0
5594,44.0
5121,82.0
4587,31.0
4902,45.0
8252,74.0
5916,44.0
5129,51.0
8334,81.0
1918,67.0
8330,31.0
5707,26.0
5384,51.0
6336,50.0
2054,94.0
7612,38.0
9209,42.0
3963,56.0
1126,37.0
3428,54.0
4601,42.0
3721,35.0
2389,40.0
1322,45.0
1603,50.0
7224,52.0
7425,47.0
4336,66.0
5593,67.0
4411,70.0
5858,74.0
9343,85.0
3991,52.0
6079,71.0
1559,50.0
4682,60.0
7557,48.0
3772,72.0
8779,78.0
3457,56.0
8383,23.0
1354,27.0
45,54.0
9872,85.0
748,77.0
7917,56.0
4241,55.0
5628,56.0
4657,36.0
4238,63.0
3460,52.0
7381,40.0
5549,52.0
7075,79.0
5838,69.0
8091,72.0
5474,72.0
3614,66.0
7501,62.0
7053,37.0
7367,84.0
8019,83.0
9638,45.0
9055,52.0
664,77.0
2319,60.0
3542,62.0
3677,37.0
9599,72.0
3091,64.0
675,49.0
8676,66.0
4884,48.0
8079,40.0
1962,60.0
1840,58.0
7168,36.0
9898,67.0
3538,50.0
8026,54.0
4866,79.0
4174,34.0
8088,47.0
4377,62.0
6211,47.0
4766,66.0
411,20.0
613,40.0
6126,59.0
5210,36.0
1430,43.0
2425,34.0
8841,33.0
3833,23.0
4718,53.0
7185,62.0
1417,66.0
7199,67.0
604,75.0
1272,46.0
3964,39.0
6367,71.0
8746,48.0
247,77.0
9226,46.0
1982,45.0
2835,90.0
5375,40.0
199,89.0
485,20.0
6083,48.0
8956,95.0
455,37.0
9798,81.0
8826,43.0
6515,78.0
1721,41.0
7050,46.0
6382,16.0
8165,62.0
5767,65.0
5809,33.0
4626,42.0
862,33.0
2094,47.0
947,70.0
5641,42.0
1444,75.0
1280,27.0
3110,36.0
8952,65.0
7609,37.0
5135,75.0
3016,59.0
2302,27.0
2004,57.0
4580,73.0
8704,89.0
1005,32.0
5138,40.0
4317,66.0
6558,66.0
4387,49.0
2132,20.0
4265,81.0
2057,43.0
5386,89.0
229,62.0
2889,60.0
4472,60.0
6064,65.0
7924,35.0
7649,62.0
8381,28.0
209,33.0
2758,53.0
8471,32.0
2948,70.0
7116,58.0
6330,29.0
1728,73.0
4176,56.0
337,87.0
4984,72.0
6878,77.0
7248,49.0
8452,74.0
1226,29.0
7608,34.0
6827,45.0
3540,22.0
5868,73.0
2111,68.0
2691,87.0
7153,63.0
3707,72.0
1017,52.0
8511,45.0
2807,56.0
5015,89.0
1928,60.0
350,68.0
5173,59.0
4192,57.0
1934,67.0
6901,20.0
4823,84.0
564,38.0
1582,61.0
4694,44.0
2175,49.0
7028,50.0
4880,74.0
2228,66.0
1115,70.0
3126,28.0
3544,66.0
5048,51.0
7476,84.0
821,72.0
6532,71.0
2272,69.0
5545,94.0
81,49.0
1323,25.0
9405,58.0
1614,47.0
831,61.0
3883,60.0
8641,35.0
4464,32.0
5339,79.0
8066,57.0
1649,42.0
4065,38.0
9665,40.0
3038,63.0
3320,49.0
7143,71.0
6889,79.0
5092,31.0
3720,46.0
2423,24.0
749,69.0
5271,68.0
2373,67.0
4693,50.0
9879,68.0
8370,85.0
7319,32.0
4368,63.0
6785,30.0
7401,36.0
1139,60.0
7631,42.0
2231,54.0
2164,64.0
5217,40.0
9444,47.0
9237,52.0
4561,16.0
1570,58.0
172,57.0
7163,78.0
2087,43.0
4667,70.0
4565,40.0
7089,49.0
6569,50.0
4783,37.0
2684,56.0
1832,25.0
8546,24.0
5065,62.0
9130,51.0
9355,27.0
4412,61.0
7207,52.0
9890,56.0
834,70.0
6821,66.0
3781,60.0
9012,58.0
7499,38.0
3424,69.0
65,71.0
2963,39.0
5669,40.0
8962,62.0
354,83.0
8171,74.0
4030,79.0
8534,75.0
3651,87.0
6739,84.0
3297,38.0
4127,59.0
8043,24.0
4767,60.0
472,26.0
3761,36.0
8617,33.0
3566,67.0
2760,63.0
868,68.0
9382,54.0
8688,42.0
4052,51.0
6130,49.0
3244,49.0
4842,67.0
9330,46.0
5640,48.0
5780,50.0
8540,66.0
1075,56.0
2957,31.0
6752,56.0
8657,86.0
7272,15.0
4759,36.0
4862,83.0
7025,31.0
7647,70.0
7161,56.0
73,52.0
4901,33.0
4375,82.0
6698,74.0
9805,49.0
1101,43.0
9537,54.0
7655,50.0
5235,48.0
5165,35.0
118,46.0
2022,52.0
9885,69.0
2638,52.0
2034,68.0
2564,35.0
8665,12.0
3543,72.0
1219,50.0
9714,33.0
6711,71.0
2903,58.0
3026,82.0
2510,61.0
4201,54.0
3207,34.0
4489,44.0
2755,65.0
8889,61.0
177,67.0
1643,45.0
9292,85.0
3518,54.0
1374,81.0
1720,69.0
3995,62.0
3688,85.0
2264,65.0
87,95.0
2848,31.0
8687,64.0
403,47.0
9900,40.0
4077,61.0
6835,46.0
6537,76.0
2456,38.0
2751,76.0
2214,35.0
1027,65.0
9703,62.0
1421,29.0
2436,50.0
4277,59.0
9609,84.0
1278,75.0
6220,34.0
4907,50.0
5064,74.0
1978,61.0
1061,39.0
5014,53.0
4535,61.0
6993,94.0
9253,36.0
1502,31.0
8568,62.0
9314,56.0
8836,53.0
8920,72.0
4918,78.0
678,26.0
5076,70.0
8064,47.0
7568,40.0
102,34.0
957,63.0
8556,15.0
3785,42.0
9630,44.0
7173,21.0
4043,80.0
2648,63.0
6000,33.0
7927,67.0
2826,64.0
4094,88.0
7774,51.0
9258,80.0
8113,45.0
4772,85.0
1947,52.0
6109,39.0
2299,93.0
7844,74.0
4382,65.0
5425,66.0
6771,57.0
8578,35.0
4291,16.0
528,67.0
1233,81.0
779,62.0
5859,74.0
3059,86.0
8587,55.0
1860,59.0
8438,31.0
7403,67.0
4639,36.0
4250,35.0
1992,37.0
7379,69.0
7305,28.0
5303,65.0
8192,53.0
7447,82.0
2471,91.0
7197,54.0
5312,82.0
9035,48.0
1396,43.0
4002,55.0
5371,37.0
3235,63.0
1042,45.0
3298,45.0
7256,74.0
257,41.0
7286,46.0
8616,39.0
7816,41.0
5843,66.0
2089,16.0
7702,73.0
503,24.0
5265,33.0
8814,61.0
1345,41.0
8455,60.0
5046,67.0
2248,48.0
4981,48.0
372,82.0
8454,59.0
3370,87.0
2006,61.0
3656,53.0
8327,25.0
7521,40.0
4001,34.0
6072,60.0
8736,79.0
997,68.0
8179,61.0
3290,87.0
1176,46.0
551,63.0
744,81.0
7223,71.0
4554,37.0
2859,70.0
8820,44.0
3459,49.0
2724,53.0
6847,55.0
7615,61.0
7547,56.0
9174,66.0
6393,67.0
5358,66.0
9488,68.0
2968,75.0
693,63.0
2533,49.0
6399,49.0
982,30.0
5364,79.0
79,88.0
4053,56.0
6258,85.0
9576,40.0
9025,67.0
3107,96.0
3601,85.0
6073,19.0
8126,66.0
2142,79.0
6310,83.0
2268,74.0
445,36.0
4883,59.0
4466,83.0
9026,38.0
6632,13.0
3316,83.0
1701,84.0
2526,77.0
68,91.0
1168,24.0
48,58.0
1053,70.0
4029,41.0
880,69.0
2651,45.0
7759,69.0
2439,19.0
4924,81.0
1467,58.0
7292,66.0
5035,76.0
2441,74.0
6554,61.0
230,77.0
1320,75.0
41,39.0
777,25.0
8950,82.0
8404,77.0
1729,22.0
3910,63.0
579,81.0
9941,36.0
5839,59.0
8271,55.0
7275,67.0
1491,56.0
9109,44.0
5610,73.0
61,98.0
5471,49.0
3905,69.0
6531,72.0
402,69.0
332,10.0
2084,64.0
9557,40.0
164,45.0
4379,75.0
2715,61.0
8923,48.0
7346,47.0
5453,49.0
7046,38.0
1334,34.0
8698,42.0
1659,41.0
3578,30.0
753,74.0
6584,32.0
706,37.0
3014,39.0
8558,33.0
9875,58.0
9582,59.0
8928,44.0
9556,24.0
8983,53.0
1834,24.0
2996,67.0
5427,64.0
3879,36.0
7156,44.0
5081,55.0
9114,63.0
7244,34.0
5400,69.0
5395,31.0
9427,33.0
2246,62.0
835,27.0
8394,39.0
9042,66.0
432,50.0
3378,59.0
6817,52.0
8131,40.0
9621,32.0
6066,30.0
1193,54.0
6934,61.0
5461,41.0
3071,47.0
3044,81.0
3263,82.0
2729,40.0
3433,53.0
433,23.0
3272,61.0
7001,77.0
9726,64.0
104,57.0
3315,64.0
1656,19.0
1533,62.0
4680,52.0
8813,60.0
9002,98.0
6622,54.0
1443,75.0
214,77.0
5356,36.0
9218,78.0
6322,78.0
4989,85.0
1419,40.0
9516,41.0
8606,54.0
181,27.0
4352,53.0
8700,58.0
2446,87.0
5321,79.0
8045,59.0
5684,71.0
3532,34.0
8244,78.0
7976,88.0
3698,62.0
70,74.0
544,77.0
1204,33.0
3078,46.0
9106,41.0
9120,35.0
9680,78.0
6180,79.0
8329,24.0
4284,80.0
4007,67.0
8713,88.0
877,78.0
8060,75.0
196,75.0
9746,27.0
4010,85.0
9962,69.0
2571,90.0
3753,69.0
9247,83.0
8628,46.0
9368,59.0
6159,60.0
4791,35.0
5337,84.0
3024,22.0
2718,38.0
8655,56.0
6916,39.0
3984,54.0
7308,73.0
5953,73.0
3844,40.0
2682,25.0
4024,64.0
8715,60.0
3139,68.0
4237,82.0
218,43.0
6618,62.0
9606,87.0
5268,39.0
2543,60.0
2870,59.0
1244,31.0
420,54.0
6227,50.0
2058,78.0
8493,58.0
6434,36.0
3422,77.0
4510,57.0
1166,45.0
254,19.0
415,59.0
9175,20.0
3469,43.0
3050,69.0
759,59.0
1385,42.0
654,52.0
1201,56.0
2413,40.0
5579,58.0
5993,54.0
5294,68.0
3055,68.0
2830,79.0
2970,81.0
328,22.0
4270,67.0
5994,65.0
4392,20.0
2063,35.0
8301,37.0
9013,55.0
9329,39.0
5169,88.0
4429,60.0
1281,89.0
3381,41.0
2636,73.0
3328,75.0
6436,34.0
5018,41.0
7324,79.0
3795,81.0
2663,30.0
8282,41.0
1282,62.0
4148,19.0
1362,60.0
1437,38.0
9628,25.0
3441,60.0
56,33.0
4597,78.0
8479,17.0
5365,35.0
1844,93.0
5515,50.0
8573,41.0
6263,64.0
2880,39.0
1743,21.0
8398,25.0
4169,83.0
5197,63.0
8993,60.0
740,84.0
9066,73.0
1624,38.0
524,34.0
7999,64.0
4419,31.0
5426,71.0
6689,38.0
7382,58.0
435,30.0
2960,74.0
308,40.0
1565,69.0
2631,39.0
5597,43.0
9477,93.0
401,24.0
3826,43.0
881,24.0
3997,15.0
7118,39.0
3265,59.0
8406,66.0
5009,34.0
5736,78.0
5554,31.0
288,76.0
5564,19.0
8324,72.0
2623,60.0
8859,73.0
476,84.0
8591,56.0
9713,34.0
6522,30.0
3111,61.0
9470,26.0
737,52.0
3133,71.0
8047,68.0
6551,79.0
5407,45.0
5563,43.0
5328,32.0
6718,69.0
5118,33.0
4619,17.0
3689,42.0
7716,58.0
1839,79.0
1995,46.0
2399,67.0
6510,73.0
9356,47.0
4119,67.0
5894,55.0
800,35.0
8423,53.0
7680,60.0
1405,44.0
5431,67.0
69,61.0
9543,85.0
2759,97.0
8294,49.0
1586,61.0
6666,78.0
8014,32.0
1074,40.0
3063,33.0
6487,69.0
4705,29.0
9069,82.0
2603,79.0
7738,50.0
1579,81.0
5058,52.0
5753,45.0
3548,65.0
409,59.0
4097,35.0
6461,38.0
5601,77.0
5231,63.0
3777,49.0
2726,49.0
477,40.0
1329,26.0
4035,64.0
9642,80.0
1777,45.0
6096,76.0
751,64.0
5792,77.0
4060,54.0
9041,61.0
6030,31.0
5898,31.0
9338,64.0
9160,49.0
9996,58.0
5151,74.0
468,33.0
1545,71.0
6311,65.0
2683,40.0
8966,60.0
6181,75.0
1025,87.0
5112,81.0
8562,40.0
5368,69.0
2354,36.0
7278,83.0
3602,49.0
773,78.0
6773,71.0
8809,40.0
3382,45.0
641,31.0
4233,90.0
3815,90.0
4104,27.0
9925,45.0
1108,66.0
3527,76.0
3495,32.0
1420,42.0
6923,75.0
3881,58.0
8353,42.0
6245,70.0
4938,54.0
6798,51.0
7812,85.0
1680,46.0
6715,33.0
633,34.0
2569,37.0
7359,75.0
2166,53.0
8169,62.0
8845,79.0
2825,64.0
4087,43.0
6243,66.0
8364,85.0
3941,63.0
9179,42.0
8075,43.0
9195,41.0
4128,74.0
1172,87.0
8668,79.0
4222,56.0
4834,48.0
2576,38.0
1989,80.0
6973,55.0
5836,82.0
4532,68.0
3209,24.0
3855,41.0
2628,76.0
7803,45.0
1410,84.0
8257,57.0
7386,75.0
4303,30.0
6750,15.0
6555,63.0
815,61.0
2404,87.0
5397,23.0
9956,62.0
2131,46.0
1797,67.0
3090,81.0
4184,56.0
4564,33.0
5030,36.0
8048,62.0
122,45.0
179,73.0
9250,33.0
8095,41.0
6429,56.0
9737,61.0
4992,79.0
1157,99.0
9003,80.0
1532,29.0
8992,81.0
7859,62.0
9110,42.0
1535,43.0
9259,55.0
5517,54.0
2605,56.0
6127,26.0
9141,23.0
7458,96.0
2177,46.0
7990,80.0
2351,74.0
9177,30.0
3502,61.0
2134,38.0
1480,70.0
2793,46.0
4843,71.0
9780,57.0
9934,65.0
4762,47.0
7191,55.0
6041,21.0
9636,78.0
3445,57.0
8149,78.0
7765,62.0
3620,46.0
1952,15.0
555,66.0
4264,47.0
1163,55.0
1584,75.0
6151,63.0
9720,43.0
5837,66.0
5261,58.0
5239,49.0
7913,78.0
9162,27.0
1598,59.0
7182,90.0
300,75.0
9660,41.0
6947,24.0
3794,51.0
4572,32.0
4335,28.0
2858,78.0
5694,70.0
3142,57.0
1359,50.0
4533,49.0
9749,16.0
5687,47.0
486,66.0
7836,79.0
9554,76.0
5900,19.0
8116,61.0
7362,23.0
1152,17.0
5382,39.0
9741,47.0
5424,81.0
8807,62.0
5186,61.0
8409,56.0
6189,35.0
9702,66.0
8269,15.0
5314,54.0
9903,75.0
665,72.0
3353,70.0
8851,80.0
8061,40.0
642,25.0
9242,78.0
176,49.0
6431,29.0
9910,36.0
3438,87.0
786,69.0
6391,41.0
9065,77.0
9927,71.0
3202,57.0
4803,51.0
7835,22.0
7940,80.0
91,38.0
5762,24.0
9027,65.0
9504,34.0
8237,73.0
1971,60.0
2905,29.0
530,29.0
3635,44.0
996,29.0
5852,55.0
4226,92.0
5616,62.0
2312,41.0
2154,65.0
5317,79.0
1427,27.0
8630,43.0
6032,34.0
4415,46.0
8818,61.0
3085,82.0
7798,39.0
9153,39.0
8209,38.0
9573,61.0
9534,59.0
495,57.0
3749,52.0
2321,40.0
4267,68.0
3405,24.0
151,33.0
7369,54.0
694,63.0
4417,41.0
5697,28.0
1738,27.0
3001,57.0
167,42.0
6111,25.0
4622,46.0
2865,69.0
8544,48.0
4702,71.0
2883,41.0
3031,80.0
8183,55.0
8980,70.0
8528,69.0
5681,92.0
7209,74.0
5991,63.0
2276,60.0
7132,28.0
5705,62.0
7998,47.0
5292,54.0
4304,88.0
7445,72.0
428,49.0
7068,86.0
6364,46.0
4215,76.0
426,83.0
2223,70.0
100,27.0
9244,39.0
3307,33.0
2762,79.0
5857,55.0
4738,76.0
7092,87.0
9632,29.0
3286,28.0
7712,72.0
7868,31.0
6067,22.0
9235,30.0
3577,89.0
1465,46.0
7675,81.0
2234,38.0
1744,39.0
9754,69.0
6094,44.0
8781,72.0
9401,44.0
8371,62.0
5027,64.0
9234,38.0
3944,25.0
6862,47.0
5350,54.0
9422,30.0
2121,49.0
4972,59.0
8576,65.0
3784,37.0
6872,17.0
916,20.0
9394,53.0
7252,80.0
8012,33.0
5821,54.0
4403,62.0
4863,28.0
8515,54.0
5422,41.0
7733,24.0
1203,75.0
3768,69.0
5357,27.0
3852,85.0
1926,79.0
3114,79.0
2641,18.0
7639,42.0
7360,83.0
8182,73.0
7610,74.0
2728,45.0
9597,87.0
4985,96.0
6846,47.0
7698,54.0
4012,42.0
2626,37.0
7238,45.0
8255,81.0
9565,67.0
805,28.0
4634,49.0
5247,73.0
5566,73.0
5739,33.0
5143,44.0
8265,35.0
4459,38.0
1242,65.0
6945,36.0
5740,20.0
5325,22.0
547,21.0
3022,52.0
5761,96.0
4031,81.0
26,66.0
4952,87.0
5152,85.0
2508,49.0
1433,73.0
2582,61.0
1302,66.0
5812,55.0
7349,28.0
5281,47.0
6114,62.0
1221,31.0
7435,29.0
2548,34.0
750,34.0
437,48.0
4371,45.0
4448,75.0
2847,51.0
1173,45.0
7495,62.0
2699,54.0
9888,71.0
9506,70.0
6395,51.0
2481,69.0
5456,44.0
8444,78.0
2706,38.0
4661,42.0
326,30.0
1039,31.0
2637,99.0
5022,68.0
2499,80.0
1004,34.0
2861,33.0
3233,69.0
1870,49.0
4245,44.0
6927,13.0
8385,20.0
534,34.0
9827,71.0
7148,83.0
7365,41.0
585,43.0
9914,28.0
3035,36.0
4428,51.0
4089,53.0
1703,64.0
4295,33.0
5719,70.0
491,16.0
6899,35.0
4353,56.0
2836,57.0
2266,52.0
7718,35.0
9523,56.0
8022,32.0
4707,23.0
9843,79.0
2900,33.0
9618,43.0
2944,67.0
1916,33.0
3185,62.0
8626,64.0
9434,76.0
7255,81.0
4246,75.0
8615,65.0
5146,62.0
8565,38.0
2518,38.0
397,41.0
1317,71.0
4560,53.0
121,92.0
2449,61.0
8855,46.0
8108,38.0
1566,83.0
1984,27.0
4333,56.0
7910,18.0
9286,47.0
3918,36.0
2173,70.0
3283,36.0
8495,83.0
8584,15.0
2333,71.0
573,59.0
3660,40.0
9075,34.0
981,57.0
9370,30.0
1407,73.0
535,76.0
4315,73.0
4598,64.0
8622,58.0
8758,73.0
1434,39.0
6994,83.0
2579,72.0
9403,24.0
3269,53.0
9553,64.0
3838,29.0
1867,40.0
1454,69.0
1786,40.0
9912,49.0
7095,46.0
2521,21.0
4439,82.0
1820,41.0
5615,44.0
2929,44.0
51,65.0
4726,57.0
5716,51.0
5465,53.0
469,46.0
2629,83.0
6513,29.0
7467,43.0
3945,26.0
6204,66.0
4262,53.0
1858,94.0
9532,48.0
865,75.0
6390,39.0
7212,52.0
4921,67.0
8101,66.0
4792,66.0
8854,81.0
6250,33.0
5936,82.0
425,66.0
188,72.0
5629,58.0
4359,27.0
228,89.0
7757,74.0
7677,16.0
2741,45.0
1041,57.0
4075,67.0
9140,95.0
6118,36.0
6902,76.0
471,34.0
2921,81.0
1905,68.0
8876,62.0
801,92.0
1487,61.0
8441,75.0
227,63.0
7890,48.0
1128,73.0
5070,60.0
9166,69.0
2208,45.0
7993,22.0
9842,62.0
6559,48.0
9921,72.0
3153,55.0
4441,38.0
7505,38.0
8957,56.0
6215,94.0
9598,69.0
2144,42.0
7411,59.0
8929,49.0
2374,68.0
2577,45.0
1632,59.0
4832,64.0
2298,54.0
5033,49.0
156,31.0
8046,87.0
6706,82.0
3349,76.0
2879,65.0
3413,59.0
7768,40.0
4189,47.0
9610,32.0
9734,77.0
7251,80.0
7613,67.0
6919,46.0
9681,53.0
9671,41.0
4794,77.0
5654,61.0
2495,68.0
7304,73.0
2372,67.0
4091,84.0
9471,49.0
3461,62.0
7006,73.0
5391,72.0
7172,39.0
5696,62.0
5664,58.0
4503,47.0
2550,85.0
4715,77.0
847,67.0
3344,48.0
938,69.0
4825,41.0
9693,73.0
8863,46.0
8610,46.0
5354,73.0
5477,38.0
9723,26.0
756,53.0
4750,63.0
2644,53.0
4162,18.0
8648,50.0
3165,59.0
6497,73.0
5987,38.0
3873,34.0
7751,63.0
6523,56.0
3418,43.0
9904,63.0
2061,46.0
549,48.0
4453,56.0
2812,54.0
8777,69.0
8995,98.0
2549,39.0
6069,72.0
3169,39.0
7054,52.0
4828,45.0
9570,44.0
1259,68.0
8712,30.0
3661,64.0
7922,87.0
1024,81.0
4965,39.0
752,78.0
3942,46.0
3710,69.0
9960,59.0
1951,47.0
6314,26.0
351,44.0
1511,19.0
4829,84.0
9616,43.0
3746,47.0
5799,90.0
701,39.0
3693,55.0
4614,41.0
7213,63.0
561,65.0
2318,42.0
3098,34.0
4838,36.0
3150,84.0
5608,44.0
4299,84.0
4618,59.0
4074,41.0
3994,86.0
6373,40.0
6167,61.0
1047,79.0
2939,46.0
1808,86.0
3166,77.0
414,83.0
1340,53.0
9371,62.0
7740,74.0
5060,61.0
4633,68.0
4609,34.0
7366,44.0
1469,89.0
1710,65.0
6270,57.0
8732,19.0
2271,65.0
1583,37.0
1412,48.0
4111,48.0
7652,62.0
6693,51.0
1722,77.0
2024,67.0
2212,59.0
1507,45.0
2622,23.0
5290,42.0
9128,61.0
1321,24.0
842,84.0
1146,81.0
3624,43.0
4280,29.0
9010,71.0
8986,61.0
4681,74.0
463,55.0
1754,90.0
3936,29.0
7933,77.0
9460,57.0
4401,45.0
4700,26.0
8991,22.0
378,27.0
3106,40.0
8215,62.0
1335,74.0
1223,82.0
3848,50.0
2716,49.0
6837,43.0
2952,62.0
1350,86.0
1082,37.0
6453,33.0
1811,53.0
4121,35.0
1351,46.0
7817,39.0
8796,91.0
1894,39.0
6639,61.0
565,22.0
3903,63.0
7100,71.0
3673,33.0
4366,27.0
7545,56.0
1212,83.0
1189,84.0
3955,16.0
898,50.0
4786,21.0
8092,46.0
4602,61.0
8896,78.0
3454,52.0
3609,58.0
8157,61.0
8765,59.0
9677,24.0
7572,60.0
3909,40.0
4028,69.0
3931,84.0
2332,70.0
7302,38.0
2262,58.0
9260,54.0
5781,91.0
2595,16.0
7200,54.0
3593,32.0
5216,57.0
1030,35.0
7433,20.0
7877,32.0
8823,20.0
8236,49.0
5733,70.0
5378,52.0
7762,50.0
1755,36.0
7355,29.0
4161,38.0
231,88.0
8104,59.0
110,66.0
5457,68.0
6708,56.0
2514,44.0
5961,30.0
4279,73.0
4720,82.0
2917,48.0
9390,67.0
2992,71.0
2317,71.0
4847,69.0
4292,53.0
6991,74.0
1515,37.0
216,41.0
9213,59.0
9061,90.0
8417,64.0
2263,65.0
5326,20.0
6840,93.0
8498,55.0
6010,21.0
893,21.0
1490,36.0
3003,15.0
1850,78.0
5199,71.0
6380,57.0
324,78.0
1215,52.0
2899,42.0
2933,48.0
3658,59.0
8678,17.0
6673,57.0
7972,77.0
8586,77.0
6169,36.0
9724,43.0
1129,72.0
8856,83.0
2918,49.0
3902,24.0
7947,57.0
9097,21.0
3827,25.0
4923,48.0
208,27.0
3254,24.0
2795,46.0
5106,46.0
9011,40.0
798,85.0
9105,75.0
734,46.0
2244,52.0
178,49.0
5830,18.0
7008,72.0
1174,35.0
6642,83.0
5848,77.0
1831,59.0
7995,77.0
9279,64.0
7897,61.0
8597,54.0
8522,31.0
198,32.0
7928,70.0
7076,51.0
9284,43.0
1097,67.0
548,60.0
6908,50.0
8229,48.0
4706,96.0
6912,79.0
3369,68.0
7583,56.0
2532,56.0
4055,28.0
2314,52.0
6653,40.0
6885,73.0
5937,73.0
2815,29.0
3437,73.0
3880,77.0
4157,74.0
66,54.0
7866,48.0
616,46.0
1118,77.0
3260,84.0
3401,48.0
3692,82.0
937,38.0
6604,62.0
2572,33.0
7536,32.0
6324,41.0
622,40.0
1681,47.0
2126,65.0
787,88.0
3332,84.0
7236,72.0
1092,53.0
9103,53.0
5020,75.0
9353,67.0
5944,46.0
3280,40.0
8186,90.0
2201,86.0
1160,91.0
5581,46.0
3592,82.0
3952,86.0
9691,69.0
6247,25.0
4153,21.0
478,53.0
1352,73.0
4309,72.0
5698,36.0
2647,31.0
8460,31.0
8198,72.0
7689,55.0
9257,69.0
2589,69.0
1033,26.0
4686,80.0
5011,54.0
2598,86.0
5819,66.0
4608,46.0
8470,43.0
9040,40.0
7450,76.0
4671,43.0
5583,49.0
3717,59.0
9327,78.0
3928,58.0
3617,73.0
1425,74.0
9378,56.0
2919,49.0
3819,65.0
1871,35.0
5487,28.0
480,58.0
5972,73.0
9600,70.0
2888,42.0
6686,72.0
6315,32.0
527,30.0
4129,73.0
722,78.0
5120,58.0
4722,60.0
220,54.0
9188,82.0
1935,46.0
344,22.0
8332,81.0
9674,42.0
4483,41.0
9706,32.0
8486,51.0
9216,71.0
6903,33.0
9154,62.0
5960,54.0
7034,31.0
6051,37.0
2391,74.0
7181,51.0
4328,37.0
6452,64.0
1983,49.0
8246,37.0
1554,58.0
4850,56.0
9095,52.0
9922,91.0
7532,17.0
6853,90.0
4641,50.0
2881,48.0
1677,55.0
4885,74.0
1964,82.0
901,32.0
7130,48.0
3068,72.0
2296,98.0
6237,47.0
5862,64.0
296,57.0
8778,32.0
57,47.0
7242,42.0
4385,43.0
2984,42.0
27,83.0
4407,46.0
9877,42.0
2676,84.0
8545,40.0
5262,91.0
5841,63.0
7021,85.0
3248,52.0
5667,46.0
3884,87.0
7663,93.0
295,76.0
3161,95.0
2580,29.0
3870,71.0
9210,89.0
4404,84.0
6952,53.0
648,81.0
1370,61.0
9855,70.0
6992,66.0
5532,32.0
9620,73.0
5708,48.0
4209,18.0
681,73.0
434,26.0
9309,57.0
4824,62.0
9761,70.0
3159,60.0
1489,55.0
2987,79.0
812,43.0
1882,53.0
9267,48.0
4936,60.0
9935,40.0
1940,32.0
3296,33.0
3534,47.0
4525,24.0
3729,49.0
7015,82.0
1612,47.0
1181,58.0
1375,18.0
9224,52.0
3946,74.0
7210,14.0
5211,43.0
63,49.0
626,15.0
4421,76.0
1669,43.0
2112,31.0
5804,37.0
9763,39.0
4032,57.0
6545,30.0
7948,20.0
84,71.0
9180,67.0
1462,84.0
2283,41.0
2887,38.0
5834,51.0
684,57.0
4469,16.0
418,70.0
5228,39.0
4253,65.0
2709,82.0
2357,60.0
8059,46.0
1366,71.0
6277,28.0
3916,44.0
293,88.0
2639,58.0
9458,47.0
1506,76.0
9037,42.0
7393,43.0
1634,55.0
2457,81.0
9891,53.0
5558,61.0
9751,73.0
2300,63.0
4537,38.0
2938,32.0
1563,79.0
5689,62.0
8658,77.0
7517,53.0
1979,76.0
1883,71.0
3803,28.0
438,46.0
4635,59.0
4528,26.0
4332,71.0
3573,67.0
8741,63.0
8911,18.0
4817,34.0
6435,56.0
2986,46.0
7838,34.0
704,48.0
2280,81.0
8734,75.0
4147,30.0
5412,46.0
373,73.0
6405,66.0
9223,68.0
2585,36.0
1332,31.0
9572,73.0
5282,67.0
9131,37.0
8315,27.0
9809,82.0
1784,97.0
3182,56.0
494,26.0
7363,90.0
2860,61.0
7929,55.0
4041,54.0
7178,79.0
2897,70.0
366,43.0
849,70.0
7440,38.0
9454,90.0
4301,66.0
2653,47.0
3503,29.0
1541,44.0
4165,31.0
8866,72.0
322,64.0
2031,65.0
813,73.0
8939,92.0
9375,51.0
1079,86.0
2226,59.0
9136,61.0
9531,38.0
2705,39.0
6824,13.0
7556,74.0
1164,46.0
3261,95.0
4687,67.0
1450,54.0
3862,60.0
6103,68.0
9215,71.0
7120,25.0
6398,68.0
9588,67.0
6214,69.0
9645,42.0
5336,58.0
4056,57.0
9511,33.0
2999,43.0
9024,74.0
1231,36.0
1514,62.0
2313,51.0
1451,16.0
5267,87.0
6131,50.0
8531,48.0
6464,71.0
838,34.0
9915,88.0
8261,30.0
6414,75.0
8504,72.0
3567,71.0
9264,47.0
3087,64.0
8643,60.0
1714,36.0
339,72.0
9563,50.0
5942,56.0
9869,57.0
8102,16.0
8488,67.0
588,72.0
3365,61.0
2670,47.0
3589,69.0
34,60.0
28,74.0
8553,68.0
8117,72.0
2170,80.0
8377,37.0
5620,30.0
889,29.0
6489,55.0
3322,40.0
9396,32.0
3514,76.0
4420,81.0
8351,51.0
5361,82.0
3733,51.0
9463,25.0
7081,54.0
1654,62.0
5032,71.0
223,59.0
8625,36.0
6194,58.0
1590,83.0
5982,62.0
3256,52.0
6680,35.0
4770,30.0
2181,41.0
6803,38.0
4913,83.0
6786,80.0
4789,50.0
1209,41.0
421,21.0
8740,59.0
1706,33.0
1158,40.0
2306,50.0
273,64.0
171,72.0
3956,47.0
6696,91.0
3188,57.0
8132,24.0
4808,77.0
8083,59.0
1564,36.0
1782,53.0
843,81.0
9345,89.0
4461,58.0
904,42.0
5911,37.0
9950,69.0
9297,80.0
1547,31.0
2080,79.0
9881,52.0
3985,62.0
6389,60.0
7579,69.0
9245,84.0
6567,90.0
8206,55.0
3820,46.0
2646,37.0
4454,38.0
7159,34.0
8221,34.0
8596,64.0
9589,92.0
6071,71.0
2155,76.0
6712,27.0
3715,81.0
4057,28.0
5952,31.0
3102,46.0
558,32.0
4610,85.0
6978,62.0
1436,53.0
507,53.0
1869,74.0
755,76.0
5419,59.0
4050,51.0
8089,49.0
3836,64.0
2118,33.0
6152,64.0
7808,37.0
501,82.0
6259,73.0
9743,53.0
1539,66.0
6141,39.0
1211,68.0
9122,58.0
672,68.0
3377,56.0
8783,44.0
1464,44.0
1192,34.0
6984,83.0
1872,39.0
3590,73.0
6726,43.0
505,54.0
8118,83.0
506,25.0
9449,40.0
7131,85.0
4807,79.0
7303,56.0
1773,62.0
6854,40.0
4906,53.0
797,41.0
8785,57.0
7070,29.0
2829,60.0
9319,56.0
8737,82.0
312,94.0
746,80.0
3569,64.0
790,62.0
2476,67.0
9325,55.0
2570,31.0
5286,52.0
5215,51.0
2163,68.0
6577,44.0
8449,47.0
380,46.0
8508,52.0
1292,67.0
1912,58.0
599,47.0
3892,27.0
4141,37.0
1652,40.0
5224,82.0
1893,40.0
1944,89.0
3395,28.0
5479,18.0
9769,23.0
375,40.0
1966,28.0
3957,65.0
7135,37.0
7478,67.0
4505,63.0
9580,23.0
5288,28.0
1471,87.0
3346,46.0
6253,64.0
2853,72.0
8988,65.0
9775,46.0
6459,31.0
4062,52.0
5863,49.0
4306,41.0
4877,79.0
7249,96.0
5273,51.0
3990,51.0
1049,58.0
6175,44.0
6926,87.0
7864,64.0
2035,48.0
4039,81.0
6875,71.0
9354,32.0
1972,66.0
5072,36.0
2099,27.0
1499,67.0
9612,37.0
652,64.0
170,51.0
4085,32.0
242,81.0
5710,66.0
6972,40.0
2756,38.0
6884,41.0
5446,56.0
2076,52.0
4103,55.0
9559,42.0
7571,76.0
9466,42.0
4894,75.0
6692,80.0
8054,29.0
5389,75.0
9373,47.0
8021,39.0
8604,48.0
4480,63.0
8326,75.0
4078,82.0
640,40.0
1270,59.0
2778,54.0
9497,40.0
3861,49.0
3480,67.0
1534,56.0
325,51.0
2338,26.0
3980,42.0
6877,31.0
4054,46.0
2237,28.0
7106,44.0
9668,72.0
4745,63.0
864,31.0
6203,81.0
5508,70.0
7429,68.0
371,62.0
6296,69.0
5551,86.0
5723,65.0
5899,68.0
9287,47.0
7871,53.0
2364,29.0
3213,52.0
911,32.0
9047,28.0
9790,68.0
7289,84.0
9958,62.0
6536,76.0
9192,70.0
1423,45.0
9807,79.0
479,67.0
662,71.0
4476,70.0
8982,61.0
8077,54.0
2988,83.0
1119,75.0
2776,69.0
9835,43.0
5003,47.0
6649,26.0
7254,37.0
4427,34.0
7431,36.0
3981,74.0
6351,68.0
2893,32.0
2669,84.0
3977,47.0
5259,23.0
279,47.0
6730,81.0
6104,74.0
7020,78.0
1694,75.0
8912,29.0
3479,83.0
4416,95.0
7592,73.0
6282,66.0
5603,80.0
8619,50.0
7780,90.0
4296,62.0
4593,39.0
4844,87.0
2209,51.0
7605,49.0
5501,57.0
184,38.0
4800,27.0
4845,70.0
2350,75.0
553,81.0
1397,51.0
1384,70.0
9182,60.0
9817,45.0
297,82.0
443,60.0
7338,60.0
2077,57.0
7815,45.0
2229,41.0
2842,58.0
2537,17.0
8145,61.0
9536,97.0
6443,72.0
3367,44.0
4486,53.0
2578,34.0
1131,59.0
4818,44.0
320,44.0
1371,86.0
4042,18.0
9125,52.0
5145,77.0
907,51.0
9426,39.0
3950,56.0
6145,33.0
8886,43.0
6695,62.0
4977,81.0
6092,71.0
8408,50.0
926,41.0
6143,44.0
15,43.0
143,47.0
2363,68.0
129,43.0
1161,57.0
7551,66.0
6129,19.0
4665,87.0
5660,68.0
6460,81.0
1876,95.0
2488,43.0
5327,45.0
9361,28.0
1182,37.0
6135,53.0
6377,34.0
1170,65.0
2182,83.0
3371,60.0
8040,70.0
1859,84.0
4860,54.0
9255,81.0
8345,65.0
7347,81.0
4864,31.0
9886,62.0
6388,33.0
3121,26.0
387,58.0
7785,94.0
1032,75.0
7852,69.0
5418,30.0
931,67.0
4019,50.0
691,73.0
5298,43.0
6658,61.0
829,74.0
3498,57.0
2081,42.0
9440,55.0
44,71.0
3939,51.0
5257,44.0
8437,19.0
4319,80.0
2965,38.0
3969,74.0
1187,55.0
284,77.0
8873,31.0
4159,38.0
3092,53.0
4556,50.0
4584,65.0
4323,28.0
5504,59.0
7074,30.0
3364,70.0
8025,69.0
3195,65.0
8810,97.0
969,34.0
3734,34.0
925,79.0
9496,79.0
6451,56.0
8797,73.0
2851,41.0
5180,64.0
6723,60.0
9322,38.0
7810,67.0
4471,45.0
5168,18.0
4348,74.0
7903,67.0
3626,30.0
1789,85.0
8293,26.0
2059,51.0
4013,74.0
1902,38.0
5573,36.0
6925,62.0
75,36.0
2345,27.0
5484,50.0
430,95.0
4586,35.0
8099,52.0
8457,28.0
8156,38.0
7893,58.0
1553,40.0
240,66.0
783,54.0
3066,59.0
977,80.0
2941,35.0
5377,48.0
4730,24.0
1620,66.0
2146,35.0
1801,76.0
2095,71.0
6074,25.0
5245,37.0
1357,56.0
8063,62.0
6050,74.0
8368,77.0
6017,52.0
9931,81.0
8769,27.0
7503,64.0
1609,50.0
3096,44.0
9771,40.0
2415,67.0
2017,72.0
6018,66.0
4125,68.0
9802,46.0
3246,33.0
124,36.0
6425,61.0
5308,44.0
7463,48.0
9157,40.0
3341,78.0
598,48.0
2123,51.0
9498,55.0
7685,41.0
7049,63.0
9661,36.0
2197,77.0
4051,64.0
6054,21.0
3362,59.0
6851,29.0
725,51.0
4934,28.0
978,26.0
808,80.0
9603,60.0
1475,62.0
5935,52.0
9036,64.0
7335,37.0
3962,85.0
6422,65.0
4905,67.0
1235,84.0
1225,31.0
8049,50.0
9278,28.0
8671,67.0
5229,41.0
6950,65.0
3217,81.0
287,67.0
5023,32.0
2966,47.0
3164,58.0
6003,49.0
8887,48.0
1657,77.0
1975,45.0
2397,46.0
452,55.0
8030,65.0
4696,60.0
3681,78.0
422,83.0
9725,32.0
657,32.0
3301,44.0
6394,39.0
2845,51.0
8291,75.0
7497,71.0
1001,57.0
4198,67.0
2418,68.0
7482,84.0
5706,27.0
3847,52.0
961,77.0
1580,47.0
5007,73.0
2206,60.0
6312,65.0
9562,53.0
4231,16.0
757,46.0
2284,50.0
6663,20.0
4755,32.0
8211,60.0
807,82.0
6575,75.0
7719,56.0
1956,61.0
2445,47.0
5875,62.0
8163,26.0
6138,22.0
2402,55.0
1073,85.0
6557,47.0
4240,89.0
8509,67.0
2091,38.0
4527,52.0
7202,85.0
6795,43.0
7237,60.0
7422,35.0
6849,42.0
6836,57.0
1003,61.0
9099,74.0
6562,64.0
5614,77.0
4651,49.0
5313,76.0
1485,66.0
7607,69.0
1411,73.0
9303,38.0
709,45.0
9806,47.0
8042,31.0
7211,19.0
3076,23.0
8314,26.0
4101,91.0
5114,35.0
2722,71.0
9359,31.0
1268,66.0
2462,79.0
5464,55.0
268,47.0
3580,91.0
5349,73.0
7290,84.0
5157,69.0
6601,58.0
2821,56.0
5807,72.0
589,47.0
5955,78.0
5254,13.0
6661,35.0
7656,67.0
8725,49.0
6896,72.0
7594,74.0
2028,44.0
6818,59.0
677,86.0
5763,63.0
1232,43.0
5296,59.0
7103,31.0
5034,71.0
5452,61.0
2432,42.0
6319,77.0
6119,21.0
9158,72.0
9953,58.0
896,51.0
1611,93.0
6474,18.0
7661,78.0
7460,42.0
3806,76.0
8273,25.0
9451,53.0
4701,42.0
3961,49.0
5417,53.0
890,60.0
4999,46.0
7506,26.0
7881,54.0
5095,43.0
6932,26.0
9617,64.0
2799,31.0
584,76.0
3268,87.0
3932,47.0
1260,77.0
6205,59.0
310,86.0
7789,61.0
6458,33.0
6206,54.0
5882,41.0
4668,44.0
4298,63.0
3783,83.0
1008,18.0
8354,45.0
2185,38.0
3623,51.0
7039,39.0
4922,28.0
9673,53.0
7950,71.0
6125,66.0
4756,43.0
5074,54.0
90,21.0
5974,24.0
6418,38.0
8640,34.0
8690,52.0
2117,85.0
2937,82.0
6842,44.0
983,56.0
7260,20.0
9985,92.0
2925,32.0
6061,35.0
3214,84.0
6447,51.0
6779,43.0
7038,78.0
5663,45.0
627,39.0
8008,42.0
5125,30.0
4765,84.0
8143,66.0
9594,30.0
1269,57.0
128,71.0
6112,63.0
1711,73.0
7862,42.0
4235,46.0
5192,76.0
2398,80.0
5434,78.0
6057,73.0
9318,42.0
1186,38.0
6013,47.0
9793,40.0
6014,36.0
1977,66.0
9887,80.0
4247,33.0
7672,20.0
915,48.0
1305,28.0
5455,55.0
3049,99.0
9521,27.0
1273,84.0
8055,56.0
2796,91.0
1398,58.0
3358,19.0
183,74.0
6867,70.0
5695,77.0
8835,92.0
9626,58.0
6170,44.0
6987,76.0
4567,43.0
8955,67.0
2656,82.0
8309,48.0
6857,64.0
1961,33.0
6383,52.0
8853,19.0
9973,33.0
1251,57.0
3176,51.0
7760,79.0
5013,66.0
9705,49.0
6539,40.0
3289,88.0
6448,28.0
8726,53.0
7611,21.0
6275,37.0
6887,77.0
1051,75.0
4069,69.0
6022,33.0
5552,33.0
272,48.0
2042,57.0
4763,69.0
8997,77.0
5204,43.0
9509,14.0
1086,53.0
8373,89.0
7732,53.0
7515,49.0
6678,57.0
4322,13.0
6946,46.0
7747,91.0
6772,32.0
5518,52.0
5117,76.0
6179,74.0
4709,54.0
8121,90.0
5969,56.0
6784,84.0
3478,34.0
8414,38.0
3924,46.0
1748,61.0
732,47.0
2553,91.0
5458,60.0
5873,21.0
2662,24.0
9398,71.0
6455,45.0
3113,90.0
3303,79.0
1344,66.0
1690,45.0
7180,66.0
6499,52.0
3308,53.0
1504,37.0
1806,49.0
8469,52.0
5369,66.0
3791,13.0
9520,36.0
7329,34.0
5909,93.0
6825,37.0
7263,25.0
1848,38.0
4512,67.0
2431,71.0
4660,39.0
8885,83.0
5584,77.0
142,94.0
8760,37.0
9211,51.0
5264,40.0
3409,20.0
1117,50.0
1756,48.0
497,29.0
8031,71.0
870,60.0
3357,55.0
912,50.0
721,41.0
2805,32.0
9943,78.0
886,73.0
9592,24.0
6587,52.0
8100,31.0
1520,18.0
8689,77.0
2746,60.0
6700,83.0
5775,54.0
314,44.0
1799,46.0
327,29.0
5642,55.0
4204,31.0
3129,33.0
6860,44.0
9905,56.0
3968,19.0
5743,42.0
6226,45.0
1973,52.0
336,74.0
2764,55.0
7660,24.0
275,49.0
2985,48.0
5646,82.0
5849,32.0
3477,53.0
7558,57.0
3558,46.0
2809,76.0
9113,55.0
4861,79.0
6586,73.0
3416,68.0
307,69.0
3908,66.0
348,66.0
826,58.0
9501,41.0
4482,33.0
6576,32.0
3682,69.0
5876,73.0
8387,31.0
2053,80.0
71,54.0
5507,53.0
8514,26.0
7510,80.0
8151,62.0
1666,48.0
7861,83.0
9159,83.0
5688,42.0
1445,26.0
5227,32.0
6982,44.0
1695,67.0
2892,61.0
1574,33.0
3203,58.0
4405,76.0
1630,76.0
8380,52.0
1881,41.0
8821,32.0
6463,39.0
848,77.0
9923,44.0
6188,64.0
5869,38.0
2877,56.0
186,28.0
3779,56.0
1830,27.0
8325,46.0
9241,41.0
6378,51.0
1234,81.0
6964,25.0
3915,47.0
446,96.0
844,45.0
8062,36.0
5402,60.0
2440,68.0
3103,47.0
8585,86.0
6791,62.0
5650,35.0
1294,43.0
5079,26.0
9016,44.0
5067,50.0
3442,38.0
8451,81.0
7273,87.0
6105,82.0
776,68.0
9716,23.0
2153,53.0
4920,55.0
5360,64.0
9735,47.0
5957,57.0
8411,83.0
8432,88.0
3183,68.0
6792,61.0
3199,49.0
9369,75.0
1289,18.0
4581,63.0
6192,52.0
8935,39.0
7149,33.0
9846,79.0
4106,41.0
4126,25.0
8300,47.0
3966,33.0
1879,70.0
8496,68.0
9299,45.0
6348,87.0
3587,73.0
7372,21.0
3865,94.0
8487,41.0
4131,32.0
1036,78.0
636,18.0
6153,62.0
4134,51.0
5338,67.0
1083,50.0
861,42.0
903,37.0
191,77.0
109,81.0
4455,79.0
1942,54.0
5856,56.0
4331,89.0
8541,42.0
2040,83.0
7331,88.0
7317,52.0
7779,44.0
4659,70.0
7313,85.0
2775,78.0
4145,67.0
2323,70.0
762,46.0
2617,74.0
2411,33.0
1094,56.0
6173,85.0
7048,52.0
9272,76.0
3135,58.0
7787,57.0
5040,55.0
3805,55.0
884,72.0
2654,31.0
5921,67.0
6187,79.0
8085,59.0
6742,76.0
7626,57.0
5680,54.0
7007,81.0
9686,89.0
2202,48.0
6107,77.0
6417,43.0
1262,37.0
8379,60.0
975,43.0
5831,66.0
4925,84.0
941,68.0
4723,71.0
2387,85.0
9728,41.0
5021,34.0
4391,39.0
5148,94.0
3221,70.0
3882,58.0
9438,60.0
6624,53.0
5918,65.0
2789,78.0
944,87.0
8908,50.0
1857,40.0
9080,64.0
4108,15.0
8513,65.0
3255,72.0
2690,48.0
9512,81.0
6961,73.0
1319,40.0
8882,79.0
9880,56.0
5162,21.0
5829,82.0
7953,77.0
5958,50.0
9271,47.0
3475,88.0
3505,39.0
4749,57.0
2477,56.0
9490,46.0
6615,76.0
7413,57.0
7586,60.0
5344,61.0
9863,71.0
7111,63.0
1874,56.0
8516,68.0
5270,67.0
5096,23.0
2904,29.0
570,30.0
1448,14.0
5964,26.0
6242,20.0
6347,75.0
7874,66.0
9816,25.0
3226,51.0
9744,66.0
3978,34.0
4383,39.0
7856,67.0
3539,87.0
5682,39.0
2827,58.0
7658,82.0
4996,50.0
1338,43.0
3262,43.0
6386,56.0
7951,88.0
650,30.0
2902,26.0
2258,74.0
7402,29.0
3521,81.0
2730,71.0
5496,61.0
4478,49.0
1596,55.0
7066,61.0
2584,63.0
5441,72.0
3196,74.0
8523,56.0
7682,75.0
5376,73.0
1258,43.0
5277,33.0
991,40.0
3504,37.0
113,25.0
919,49.0
2509,43.0
9404,76.0
165,60.0
5263,48.0
4603,45.0
949,38.0
4594,85.0
5727,86.0
3770,51.0
2506,86.0
5107,42.0
2850,48.0
6485,39.0
5362,34.0
7442,37.0
4446,84.0
4460,36.0
9513,68.0
2505,23.0
1114,63.0
8397,38.0
298,35.0
1675,62.0
3347,84.0
2735,69.0
7819,48.0
4988,69.0
9894,63.0
5817,35.0
4325,86.0
6719,55.0
8786,41.0
4550,52.0
8572,33.0
7847,73.0
2103,23.0
5813,76.0
9104,68.0
7453,96.0
1837,88.0
7902,60.0
8318,45.0
8723,73.0
607,82.0
8374,35.0
1093,33.0
6387,27.0
6505,62.0
8964,36.0
4487,66.0
160,18.0
203,27.0
7040,51.0
5893,54.0
4933,33.0
2934,56.0
7322,40.0
2435,68.0
1230,52.0
8675,39.0
3046,77.0
9654,28.0
8419,49.0
7666,18.0
6407,92.0
4251,67.0
5577,47.0
3293,59.0
4034,49.0
8112,70.0
4290,55.0
4334,36.0
5931,77.0
3877,30.0
5428,31.0
4753,82.0
4886,46.0
857,32.0
8233,94.0
8375,65.0
2561,37.0
3801,73.0
2640,50.0
9663,54.0
4490,66.0
2347,34.0
649,56.0
2781,54.0
5652,53.0
8543,56.0
8677,24.0
6433,87.0
615,67.0
8448,17.0
2575,41.0
53,52.0
3340,58.0
7037,77.0
1705,29.0
9060,59.0
9352,40.0
1493,40.0
9963,67.0
5632,56.0
803,57.0
4953,43.0
6933,89.0
7104,41.0
990,75.0
2774,64.0
7470,93.0
6419,16.0
3513,41.0
5478,24.0
8400,93.0
219,39.0
6969,60.0
1288,50.0
3163,35.0
4678,58.0
2618,61.0
3612,35.0
43,36.0
8094,73.0
8372,54.0
3792,55.0
3571,39.0
9980,20.0
1503,74.0
5556,54.0
9830,36.0
3439,72.0
1892,61.0
9323,30.0
5255,52.0
1955,45.0
5167,50.0
4814,45.0
6264,50.0
1505,79.0
670,39.0
8907,88.0
7055,55.0
897,74.0
6178,25.0
2666,44.0
3193,48.0
2890,35.0
7773,80.0
2621,65.0
6008,74.0
5956,66.0
2,45.0
2370,72.0
7914,48.0
1769,37.0
8506,68.0
6025,73.0
531,74.0
8724,47.0
8649,42.0
7873,34.0
8890,24.0
3120,72.0
9022,55.0
731,46.0
3406,26.0
2339,35.0
5967,39.0
6580,61.0
2565,41.0
7726,44.0
7820,46.0
6713,85.0
6995,65.0
6942,79.0
7794,57.0
8975,27.0
1255,54.0
2104,77.0
6734,38.0
9778,75.0
6224,45.0
9150,81.0
4994,69.0
8969,62.0
6839,90.0
5057,72.0
5846,77.0
4434,67.0
3484,32.0
9493,83.0
5318,65.0
3816,46.0
5729,39.0
8903,38.0
7840,71.0
9889,82.0
1621,23.0
9423,40.0
6307,56.0
9304,69.0
8902,46.0
1096,55.0
8057,37.0
9481,54.0
2463,75.0
8289,65.0
1788,60.0
250,48.0
9926,68.0
6191,90.0
9650,52.0
192,49.0
820,75.0
9627,53.0
5714,40.0
7195,38.0
5715,84.0
4400,83.0
9290,35.0
5388,51.0
4166,42.0
4951,66.0
2687,38.0
4390,93.0
5860,56.0
5981,68.0
4927,31.0
6735,38.0
2607,41.0
7466,34.0
238,35.0
4015,36.0
9262,70.0
2977,80.0
5712,41.0
9856,38.0
5473,23.0
945,64.0
8251,62.0
7681,55.0
5097,18.0
6805,26.0
5803,42.0
3552,29.0
9969,41.0
3360,42.0
8249,95.0
2410,66.0
4507,71.0
8462,56.0
3982,58.0
146,23.0
6648,45.0
2294,49.0
2253,46.0
3611,67.0
5353,31.0
1736,82.0
7915,26.0
7659,41.0
114,56.0
8860,79.0
5649,59.0
9844,92.0
498,48.0
7822,87.0
720,85.0
7258,87.0
8843,55.0
5730,59.0
3089,44.0
7226,72.0
7306,67.0
6508,41.0
596,65.0
9092,50.0
6095,46.0
6053,29.0
5164,65.0
1647,15.0
8167,50.0
6920,48.0
2700,67.0
8203,72.0
1700,41.0
8943,82.0
5404,47.0
7219,57.0
7502,84.0
2942,56.0
6301,72.0
86,67.0
2308,70.0
2677,62.0
8216,80.0
7729,34.0
2594,52.0
5884,79.0
1029,17.0
136,41.0
6831,85.0
7814,84.0
2854,41.0
4409,69.0
1200,56.0
4717,67.0
9517,70.0
6594,83.0
566,48.0
7328,64.0
5430,57.0
3927,51.0
6055,37.0
7589,54.0
7122,81.0
6572,86.0
6535,51.0
8913,41.0
8275,74.0
2330,75.0
3515,35.0
2187,40.0
195,56.0
7257,30.0
5666,57.0
5059,67.0
802,79.0
8848,20.0
9928,59.0
2068,89.0
9082,41.0
8744,38.0
644,27.0
9374,87.0
5103,89.0
5460,72.0
1637,80.0
120,30.0
2981,57.0
5069,55.0
3074,56.0
8927,26.0
3278,44.0
2135,91.0
8941,37.0
4970,32.0
6195,33.0
134,69.0
7731,36.0
5324,36.0
9640,76.0
6160,33.0
2559,45.0
62,87.0
1358,43.0
6725,56.0
2467,65.0
679,60.0
6797,55.0
741,39.0
5307,49.0
7627,90.0
3641,42.0
444,77.0
8140,67.0
3258,83.0
4663,44.0
1873,83.0
6366,55.0
2596,66.0
1717,48.0
2912,65.0
2843,85.0
4027,33.0
5488,57.0
8634,82.0
8037,44.0
9232,43.0
489,43.0
493,80.0
690,22.0
3821,39.0
602,61.0
1911,72.0
1014,26.0
6156,60.0
1993,77.0
5769,65.0
3757,80.0
2366,45.0
5283,37.0
4370,39.0
6883,84.0
7011,70.0
1361,42.0
8461,36.0
1526,57.0
1327,26.0
8507,56.0
9031,34.0
1551,79.0
7769,45.0
9908,50.0
1337,64.0
3901,63.0
3010,52.0
5041,51.0
8825,42.0
2250,51.0
6533,30.0
5039,59.0
2346,42.0
9282,90.0
5485,73.0
2784,48.0
5119,62.0
7550,68.0
5555,42.0
5599,66.0
7630,94.0
150,83.0
2804,60.0
5874,85.0
2086,56.0
3751,69.0
5612,81.0
2259,15.0
4017,29.0
6113,80.0
6058,87.0
2424,35.0
8034,43.0
3856,81.0
859,44.0
8170,74.0
7591,28.0
8097,61.0
7320,65.0
8563,91.0
4739,34.0
8594,57.0
4462,28.0
5528,65.0
1364,28.0
1779,45.0
9221,63.0
4785,62.0
6334,47.0
1818,56.0
7799,74.0
4937,81.0
2704,56.0
5285,55.0
175,45.0
7481,38.0
2093,83.0
8750,59.0
3491,19.0
1920,25.0
82,33.0
816,61.0
8601,74.0
7354,31.0
4396,72.0
9181,43.0
5568,39.0
283,58.0
4120,51.0
7480,34.0
609,42.0
2915,54.0
1813,43.0
1271,28.0
5924,66.0
9595,91.0
2994,49.0
7109,49.0
8613,49.0
7356,77.0
2642,62.0
6553,85.0
4508,80.0
2305,59.0
6502,41.0
6260,32.0
4195,59.0
5562,20.0
4840,35.0
4655,57.0
8147,31.0
4168,54.0
3849,91.0
9847,82.0
8401,16.0
5253,86.0
7884,40.0
5533,60.0
2414,66.0
3554,66.0
4691,37.0
4498,66.0
2195,63.0
5045,41.0
2600,30.0
1518,79.0
4764,65.0
4314,53.0
3366,76.0
6065,64.0
6582,44.0
2633,53.0
7337,82.0
5633,59.0
9168,66.0
8789,59.0
2434,54.0
8277,79.0
6758,57.0
6611,38.0
4520,35.0
5587,49.0
3545,71.0
5965,36.0
5992,59.0
8805,62.0
5531,46.0
5444,78.0
517,69.0
6110,77.0
6864,71.0
7960,55.0
1415,51.0
4664,54.0
4456,81.0
2761,55.0
4855,60.0
127,82.0
3474,64.0
7969,70.0
4310,83.0
2438,68.0
3765,51.0
6876,45.0
5896,25.0
5840,26.0
8842,58.0
9770,39.0
1473,41.0
4821,64.0
6915,27.0
3560,69.0
3951,19.0
49,53.0
5437,86.0
9897,42.0
887,28.0
2616,84.0
516,83.0
3168,26.0
2949,68.0
1424,49.0
139,41.0
1924,75.0
2378,68.0
3197,38.0
5131,23.0
112,56.0
4559,76.0
4595,35.0
7997,69.0
3250,38.0
4690,44.0
8115,57.0
7767,48.0
4546,51.0
7084,34.0
3277,29.0
7542,88.0
6593,58.0
4068,90.0
4408,38.0
8644,48.0
8588,77.0
7384,46.0
3222,28.0
8210,73.0
451,82.0
3731,72.0
8953,40.0
4986,17.0
3663,56.0
2763,26.0
658,47.0
7678,49.0
7676,18.0
4620,26.0
999,71.0
389,88.0
3407,42.0
1476,39.0
2240,62.0
2386,40.0
9139,57.0
992,59.0
4997,48.0
3922,43.0
2972,77.0
3386,79.0
7885,49.0
8812,93.0
4769,61.0
1293,69.0
1824,89.0
2873,53.0
4173,83.0
2535,59.0
9132,40.0
1907,33.0
42,58.0
9491,45.0
368,25.0
1151,61.0
7752,82.0
6358,90.0
5912,49.0
6507,37.0
7525,49.0
4160,76.0
4287,57.0
7775,44.0
6714,34.0
174,16.0
1903,73.0
1099,73.0
8114,40.0
3408,28.0
1538,68.0
2292,56.0
9300,74.0
1363,76.0
7188,86.0
6627,48.0
5260,36.0
6815,70.0
9461,58.0
680,54.0
9315,77.0
9298,21.0
3664,44.0
1661,82.0
508,48.0
166,56.0
5497,38.0
8299,48.0
1006,23.0
9739,74.0
1914,54.0
3494,27.0
9633,34.0
9750,47.0
6444,36.0
4990,85.0
2536,54.0
1104,55.0
3875,60.0
7523,70.0
1752,40.0
5310,88.0
7296,75.0
2916,26.0
8974,79.0
5754,55.0
152,36.0
7690,54.0
5679,78.0
3907,40.0
9135,31.0
2552,87.0
2773,32.0
6098,84.0
3551,66.0
3722,22.0
9870,66.0
520,32.0
8033,38.0
4538,69.0
6778,61.0
1822,34.0
4086,23.0
6148,23.0
8742,60.0
9472,34.0
7741,73.0
309,63.0
7720,71.0
8222,52.0
8656,54.0
3599,90.0
3622,50.0
3811,37.0
3450,30.0
4591,72.0
205,18.0
9840,82.0
1135,47.0
9384,40.0
2749,40.0
3613,68.0
305,56.0
1849,66.0
7669,71.0
1988,62.0
3240,24.0
2798,61.0
4515,78.0
5630,72.0
9372,17.0
3109,58.0
4939,94.0
4059,71.0
1987,72.0
7157,45.0
8874,66.0
6613,89.0
383,33.0
5634,54.0
4307,55.0
3388,63.0
3156,42.0
9995,23.0
2727,48.0
6333,34.0
9899,52.0
8751,60.0
8302,54.0
6037,80.0
3832,23.0
8917,30.0
4776,55.0
4276,29.0
253,53.0
7895,39.0
9590,95.0
7288,52.0
278,81.0
3252,79.0
2480,77.0
289,62.0
6086,50.0
3075,62.0
8123,35.0
7598,42.0
6403,41.0
5089,56.0
7283,67.0
9717,35.0
8402,75.0
6121,40.0
7754,86.0
270,42.0
6009,78.0
4570,86.0
9116,76.0
9803,60.0
2971,37.0
6193,50.0
8768,19.0
4207,70.0
3218,70.0
1391,62.0
3975,56.0
4316,57.0
7959,59.0
7344,25.0
7448,70.0
83,60.0
873,47.0
9605,65.0
7635,25.0
4557,34.0
4500,75.0
4647,34.0
2038,15.0
9694,39.0
6909,36.0
2450,73.0
3954,85.0
2329,49.0
9124,62.0
7044,74.0
5042,57.0
9364,81.0
4746,38.0
9367,62.0
9402,53.0
6491,72.0
6637,78.0
7225,85.0
2401,58.0
5520,93.0
1216,56.0
8695,54.0
6020,63.0
6865,25.0
1064,49.0
3786,62.0
4410,88.0
6859,68.0
6760,65.0
5523,48.0
5996,41.0
8833,27.0
5888,62.0
2161,37.0
3008,60.0
1105,28.0
6654,61.0
692,47.0
9957,59.0
4956,81.0
6597,25.0
8480,47.0
4369,77.0
2765,37.0
3929,81.0
7134,47.0
8735,59.0
7530,86.0
7528,62.0
628,26.0
2451,92.0
6239,32.0
7012,51.0
3824,40.0
8977,43.0
2652,48.0
9107,34.0
3743,78.0
2176,92.0
9906,40.0
9263,71.0
3318,77.0
6343,49.0
2787,82.0
4105,67.0
6355,47.0
1676,27.0
3947,57.0
4444,59.0
2936,74.0
9005,76.0
7766,75.0
5722,35.0
7441,62.0
2503,91.0
8482,80.0
2369,77.0
4967,72.0
5883,71.0
2217,87.0
5847,45.0
2218,32.0
3326,42.0
6733,76.0
3583,34.0
9824,66.0
3619,77.0
7707,16.0
6432,84.0
3115,58.0
85,81.0
5973,48.0
2801,66.0
3671,45.0
3667,46.0
9794,40.0
5158,78.0
5725,45.0
4590,65.0
2019,77.0
7831,50.0
2525,71.0
8286,59.0
9206,62.0
3212,36.0
519,77.0
5366,33.0
6762,74.0
2895,53.0
244,46.0
5930,63.0
4714,60.0
9567,77.0
3425,35.0
6931,57.0
6720,76.0
7410,62.0
6177,76.0
7250,43.0
5509,92.0
2001,63.0
885,51.0
869,66.0
9688,52.0
5720,75.0
356,64.0
9907,57.0
5451,57.0
8193,27.0
6438,80.0
7704,74.0
1275,73.0
1890,58.0
8686,42.0
6568,56.0
9623,54.0
3563,43.0
5787,38.0
4958,75.0
1546,76.0
2380,56.0
3823,39.0
3232,75.0
8399,73.0
3306,49.0
492,67.0
3499,83.0
6664,24.0
1116,58.0
5637,50.0
8774,47.0
6146,39.0
9867,79.0
8775,70.0
6707,88.0
9948,74.0
7965,25.0
3645,51.0
2500,73.0
5677,38.0
5241,61.0
6518,69.0
2783,67.0
6158,70.0
3809,24.0
9428,33.0
9524,41.0
8599,89.0
1696,91.0
5685,65.0
8367,36.0
5939,16.0
2052,75.0
1776,84.0
6560,90.0
3313,28.0
4781,25.0
8538,50.0
6781,56.0
1592,35.0
1723,60.0
215,45.0
6326,88.0
8256,58.0
490,79.0
9133,91.0
3483,87.0
5102,87.0
5187,40.0
3431,25.0
9198,40.0
7710,70.0
5513,45.0
25,49.0
3512,26.0
2409,83.0
3270,65.0
5209,38.0
8711,51.0
1552,33.0
9197,49.0
8621,43.0
3871,59.0
3402,54.0
4529,66.0
979,70.0
2655,43.0
1847,36.0
7964,77.0
8240,50.0
7145,41.0
7299,69.0
5721,80.0
515,40.0
8745,49.0
8297,64.0
1102,32.0
3276,79.0
7217,74.0
7389,83.0
9077,36.0
8337,66.0
3996,60.0
194,54.0
4711,91.0
643,44.0
9089,77.0
3285,38.0
3116,89.0
6476,83.0
3575,27.0
9023,64.0
4320,75.0
9992,50.0
2207,54.0
4552,18.0
7316,78.0
3718,67.0
972,60.0
4579,93.0
719,58.0
9017,79.0
6155,28.0
9430,32.0
3896,45.0
2803,71.0
2566,43.0
4025,70.0
6198,90.0
32,58.0
8307,69.0
8831,25.0
9818,25.0
4063,71.0
8948,18.0
5540,53.0
1697,30.0
2792,26.0
2222,56.0
5818,74.0
9662,57.0
3764,46.0
3866,86.0
6421,95.0
9399,48.0
8938,95.0
6671,45.0
7978,39.0
3758,64.0
9774,47.0
3227,95.0
7802,61.0
3923,75.0
3904,41.0
2277,58.0
6810,65.0
1401,50.0
739,53.0
4266,30.0
9861,48.0
7352,35.0
7518,67.0
3851,67.0
8631,58.0
2661,35.0
6504,41.0
9799,42.0
674,72.0
7105,63.0
6360,24.0
3841,82.0
1815,68.0
9489,63.0
9838,27.0
9201,82.0
4653,64.0
8692,90.0
2100,65.0
7711,28.0
1673,27.0
2101,54.0
4213,44.0
6958,43.0
1548,26.0
9550,76.0
3323,83.0
9583,57.0
355,57.0
5184,49.0
1461,70.0
7624,47.0
9385,78.0
3220,49.0
939,88.0
5147,46.0
5923,38.0
7883,35.0
1751,40.0
9468,46.0
7597,57.0
1772,25.0
1196,45.0
1878,39.0
2668,53.0
3171,39.0
2016,86.0
2005,45.0
8272,73.0
3893,33.0
9991,83.0
3237,91.0
4424,69.0
4744,56.0
2078,66.0
5219,58.0
396,82.0
2788,78.0
8877,49.0
8638,40.0
4072,27.0
5574,22.0
8369,85.0
9507,38.0
5355,34.0
7233,35.0
9483,74.0
6820,50.0
1519,51.0
8196,49.0
1378,40.0
5672,50.0
1023,45.0
2587,49.0
7042,78.0
5621,82.0
7637,46.0
5008,80.0
2857,41.0
8254,29.0
5771,22.0
5842,52.0
8027,89.0
5832,60.0
1629,67.0
4888,87.0
4526,72.0
3523,32.0
5904,35.0
7781,75.0
3607,48.0
9418,48.0
5220,63.0
234,92.0
7755,56.0
3796,75.0
4118,42.0
6318,57.0
5001,23.0
3800,51.0
7809,72.0
3899,50.0
5024,44.0
1948,84.0
6361,35.0
470,86.0
9944,69.0
3492,38.0
6091,70.0
2671,76.0
9800,60.0
2224,48.0
1106,58.0
2188,59.0
818,78.0
5571,58.0
4523,69.0
5793,71.0
9381,35.0
8780,41.0
7459,32.0
2624,83.0
7094,69.0
9392,61.0
9916,17.0
9119,78.0
888,56.0
2437,46.0
6056,37.0
7064,59.0
817,87.0
8934,42.0
3414,74.0
6352,53.0
2341,55.0
9029,72.0
3167,23.0
1809,74.0
8035,38.0
1264,26.0
5086,62.0
9675,49.0
5835,18.0
5194,68.0
4449,40.0
4945,52.0
4045,39.0
6503,57.0
3702,39.0
1035,38.0
9256,47.0
5590,28.0
1228,51.0
9999,64.0
6811,89.0
5141,78.0
52,75.0
9067,61.0
8395,61.0
159,42.0
7552,90.0
1587,70.0
1589,80.0
9841,31.0
9328,51.0
6930,54.0
6596,58.0
6174,46.0
8098,60.0
3858,39.0
9814,50.0
6691,82.0
2828,38.0
436,28.0
8274,90.0
8168,57.0
3878,42.0
1588,91.0
2780,78.0
8981,70.0
8561,78.0
5686,87.0
3965,40.0
4727,63.0
973,53.0
1238,68.0
2951,42.0
2342,37.0
6520,31.0
7310,38.0
6046,74.0
2158,27.0
9288,71.0
6589,61.0
1497,45.0
4545,37.0
6465,55.0
4257,57.0
2422,65.0
8564,49.0
5185,65.0
5647,35.0
357,18.0
5242,75.0
8011,66.0
9240,23.0
2092,57.0
5409,46.0
2015,74.0
9059,71.0
4044,43.0
187,73.0
6858,68.0
3655,89.0
3426,50.0
7194,64.0
1381,66.0
7468,59.0
413,54.0
5037,74.0
4897,84.0
3336,24.0
3606,33.0
3175,61.0
2241,36.0
9708,38.0
7796,71.0
256,81.0
8620,52.0
200,29.0
2235,73.0
4743,39.0
1767,33.0
4236,32.0
6729,73.0
8450,25.0
7277,45.0
1572,36.0
24,35.0
3363,67.0
1088,31.0
4674,31.0
2694,42.0
7582,57.0
3398,37.0
3559,62.0
9156,68.0
2841,34.0
2311,39.0
8333,63.0
3234,62.0
4152,43.0
1309,67.0
695,68.0
9859,35.0
3752,64.0
6337,72.0
1227,40.0
1999,67.0
276,35.0
8176,17.0
7664,64.0
5929,31.0
2953,44.0
3637,38.0
3906,81.0
4778,94.0
5845,54.0
9698,77.0
4117,70.0
7030,84.0
1137,32.0
2767,45.0
2334,74.0
7706,37.0
942,33.0
7662,80.0
2490,57.0
9679,61.0
6290,51.0
4935,16.0
3935,77.0
6956,50.0
2384,55.0
115,82.0
1863,59.0
9976,91.0
3119,79.0
4258,23.0
6705,46.0
902,71.0
2819,41.0
3822,49.0
8161,58.0
6890,28.0
9090,60.0
4699,20.0
8918,69.0
3802,68.0
6068,35.0
5810,71.0
3536,83.0
3825,60.0
8642,67.0
8608,34.0
4810,69.0
1946,59.0
8600,53.0
7136,62.0
5335,60.0
3488,57.0
1610,59.0
7461,88.0
8473,55.0
4677,37.0
4959,64.0
5867,66.0
8763,54.0
4761,57.0
2194,69.0
8003,71.0
5701,37.0
5113,63.0
557,29.0
8065,39.0
5139,37.0
1207,26.0
7033,20.0
7309,79.0
1510,62.0
6769,42.0
3829,64.0
3732,32.0
7957,48.0
3211,52.0
3630,73.0
1708,45.0
1845,67.0
266,53.0
5985,40.0
1140,70.0
3162,72.0
6207,59.0
2046,64.0
3730,68.0
1909,46.0
7307,34.0
2660,64.0
656,66.0
6660,60.0
1307,13.0
9429,68.0
998,63.0
7432,39.0
2834,86.0
9178,54.0
5880,25.0
1237,64.0
2151,82.0
7919,95.0
9695,40.0
7189,50.0
8303,18.0
6578,54.0
5091,65.0
2186,47.0
1134,65.0
5004,42.0
7974,55.0
1303,81.0
8468,91.0
1627,44.0
9281,89.0
1522,57.0
9810,48.0
358,62.0
138,44.0
299,41.0
1556,50.0
5099,84.0
382,80.0
8312,80.0
6948,25.0
4857,51.0
3180,78.0
1439,72.0
7269,42.0
5673,43.0
946,70.0
2390,68.0
5498,29.0
7073,24.0
9230,29.0
2721,32.0
1932,66.0
7423,46.0
3236,11.0
3140,97.0
4163,54.0
8888,50.0
3807,24.0
9479,48.0
6983,57.0
8904,41.0
9722,21.0
4154,17.0
4172,57.0
796,61.0
2416,64.0
7170,80.0
6139,80.0
785,88.0
7067,62.0
3158,80.0
123,70.0
9457,52.0
9246,70.0
2172,29.0
2169,29.0
6880,47.0
4009,52.0
9296,89.0
4340,65.0
910,67.0
6268,36.0
7771,32.0
2309,62.0
9658,91.0
3634,67.0
1257,51.0
6591,82.0
4458,57.0
6133,74.0
1178,62.0
4652,71.0
6218,22.0
3650,68.0
442,71.0
3415,59.0
1399,23.0
1457,62.0
7524,54.0
5744,23.0
1054,36.0
8998,51.0
3275,44.0
1463,72.0
3699,64.0
3759,78.0
929,68.0
5511,47.0
6468,65.0
8412,58.0
1829,72.0
2928,90.0
8295,52.0
6538,17.0
4221,69.0
3546,53.0
5598,43.0
8937,48.0
7318,64.0
8350,35.0
2011,55.0
913,73.0
8248,53.0
7265,78.0
3219,77.0
2606,47.0
3264,54.0
4928,83.0
8661,67.0
6564,58.0
8129,53.0
6,63.0
2980,74.0
6583,84.0
3361,34.0
4774,53.0
1943,60.0
7452,51.0
5499,57.0
1635,96.0
1141,32.0
2041,46.0
6703,56.0
7818,28.0
2070,100.0
3134,62.0
5160,47.0
8331,39.0
5275,70.0
2242,33.0
1474,57.0
8590,23.0
1889,63.0
3435,53.0
7593,52.0
7745,84.0
3705,37.0
2021,67.0
4020,40.0
8830,73.0
8443,72.0
3500,48.0
2658,76.0
8456,58.0
6888,63.0
1130,68.0
5557,33.0
7358,37.0
1819,52.0
7538,57.0
9386,47.0
4318,52.0
9604,67.0
4144,41.0
4669,23.0
1236,55.0
5476,59.0
9836,30.0
1856,50.0
2282,46.0
8693,60.0
9320,43.0
4093,40.0
7061,87.0
5200,64.0
6401,72.0
9929,56.0
3421,62.0
9269,72.0
386,56.0
8548,73.0
1628,33.0
3585,56.0
7412,50.0
2714,53.0
7171,39.0
8435,28.0
9321,38.0
5659,45.0
3189,60.0
9968,73.0
4305,79.0
909,64.0
5385,36.0
1996,54.0
1866,73.0
1842,34.0
2497,53.0
201,57.0
7905,56.0
7724,50.0
5054,41.0
5889,65.0
4006,67.0
9901,50.0
2702,65.0
3449,45.0
331,70.0
7139,59.0
8960,37.0
9819,28.0
7176,53.0
2459,53.0
1774,57.0
6628,50.0
7596,13.0
7986,55.0
2686,86.0
9147,76.0
989,79.0
9046,46.0
8348,29.0
8875,69.0
8550,62.0
5806,33.0
8733,33.0
8697,67.0
6574,43.0
3052,42.0
8637,91.0
5462,73.0
173,53.0
4954,39.0
4615,30.0
3321,77.0
7065,40.0
6246,25.0
6745,92.0
3372,47.0
6048,24.0
3311,65.0
7416,69.0
7293,85.0
7584,46.0
9377,76.0
8811,79.0
8160,26.0
4679,24.0
3403,12.0
18,30.0
3691,60.0
8654,48.0
4096,31.0
3628,82.0
8862,62.0
2174,40.0
1356,71.0
5002,56.0
7391,39.0
6922,24.0
5823,58.0
9502,53.0
5670,45.0
3112,39.0
182,72.0
3642,24.0
8857,58.0
1812,87.0
7875,53.0
8497,55.0
4912,80.0
5668,68.0
8542,42.0
1800,34.0
9251,64.0
2429,39.0
5482,30.0
6761,66.0
9839,72.0
9635,49.0
1968,88.0
8339,52.0
8141,58.0
7696,82.0
7541,40.0
4987,48.0
9756,69.0
4650,50.0
1159,42.0
1213,44.0
7336,75.0
1325,63.0
7512,77.0
7580,72.0
4796,48.0
6796,27.0
5808,34.0
5943,59.0
9283,91.0
8144,39.0
1455,28.0
5410,38.0
7129,37.0
8892,81.0
4962,75.0
2800,71.0
1644,44.0
2140,51.0
4536,97.0
4457,80.0
8951,75.0
5586,55.0
4378,60.0
729,65.0
4357,52.0
7748,34.0
6716,77.0
1936,86.0
3793,42.0
3736,56.0
2261,90.0
4005,64.0
1110,79.0
9028,60.0
5480,33.0
2998,18.0
2394,57.0
1185,78.0
2007,68.0
193,30.0
5611,52.0
2901,75.0
578,51.0
6219,84.0
5525,43.0
771,84.0
7839,83.0
2395,61.0
1478,33.0
1846,85.0
9108,29.0
4274,37.0
3740,77.0
4600,70.0
8087,63.0
8710,46.0
6676,43.0
6375,60.0
8124,59.0
9538,34.0
4915,46.0
2073,28.0
4754,70.0
1896,40.0
8552,37.0
6702,38.0
6317,89.0
3659,81.0
6581,45.0
2379,47.0
1447,42.0
342,72.0
5127,80.0
3136,46.0
2527,75.0
727,74.0
4577,38.0
976,68.0
8391,75.0
5443,59.0
9034,28.0
3516,39.0
7975,52.0
9787,66.0
3940,70.0
1299,35.0
9764,53.0
1348,45.0
660,67.0
5886,45.0
1492,58.0
9946,58.0
4589,46.0
8530,82.0
5154,85.0
2315,49.0
9614,77.0
9577,88.0
7024,83.0
1085,79.0
2524,53.0
8968,48.0
5374,32.0
3198,40.0
5751,42.0
4008,36.0
5717,49.0
6657,56.0
9357,51.0
8790,34.0
67,42.0
7923,40.0
40,45.0
2269,93.0
2381,40.0
7341,35.0
9961,52.0
4916,45.0
5322,11.0
5773,40.0
6232,24.0
6963,42.0
3447,31.0
6816,31.0
2367,20.0
7981,52.0
8166,90.0
2512,85.0
9619,57.0
2723,69.0
5948,81.0
9185,41.0
9004,68.0
1143,29.0
9736,33.0
7222,86.0
8292,30.0
9220,29.0
4728,41.0
5494,81.0
5755,45.0
7562,52.0
3789,47.0
2220,66.0
5075,47.0
2331,35.0
5394,59.0
7439,58.0
8067,20.0
7090,73.0
9336,53.0
4088,70.0
1967,64.0
9363,75.0
9796,70.0
6757,79.0
9586,81.0
4365,43.0
6999,61.0
423,64.0
280,36.0
1904,72.0
595,89.0
8579,30.0
3917,78.0
6142,63.0
5661,21.0
5778,47.0
3618,64.0
6845,44.0
839,51.0
4596,67.0
7496,40.0
141,68.0
2597,20.0
6701,58.0
7756,94.0
1377,32.0
3674,37.0
8770,51.0
9895,70.0
6362,75.0
4741,78.0
3808,81.0
1138,63.0
2257,27.0
7865,47.0
1787,43.0
3938,41.0
9316,85.0
4646,41.0
459,42.0
6115,75.0
9542,26.0
948,72.0
3700,40.0
1336,68.0
6370,43.0
4628,85.0
6286,56.0
5925,42.0
5934,39.0
6040,71.0
441,76.0
6659,53.0
1602,87.0
2238,28.0
639,72.0
9820,36.0
3830,20.0
9395,48.0
6144,72.0
7985,65.0
9052,44.0
6344,70.0
2501,59.0
1958,64.0
1070,25.0
155,47.0
2295,56.0
9801,36.0
4578,45.0
1089,47.0
6049,53.0
6415,45.0
2940,88.0
723,63.0
4384,50.0
930,38.0
2909,21.0
7845,34.0
6763,76.0
8388,81.0
6416,29.0
895,42.0
3247,52.0
2326,73.0
7096,79.0
9505,23.0
7581,50.0
9742,49.0
5038,78.0
6450,30.0
4136,60.0
9248,81.0
1715,78.0
1698,29.0
9690,32.0
9549,66.0
9971,62.0
8224,68.0
3831,87.0
6299,38.0
3348,61.0
9518,89.0
985,52.0
1821,87.0
4571,54.0
587,57.0
9757,65.0
5077,62.0
7782,84.0
8323,53.0
9522,71.0
9967,86.0
5483,32.0
7746,37.0
9280,16.0
5514,34.0
9527,23.0
8871,48.0
5553,47.0
3557,75.0
1395,51.0
264,41.0
3547,32.0
6844,46.0
7628,32.0
6788,96.0
3069,78.0
5025,35.0
8396,52.0
3864,63.0
9072,39.0
2400,84.0
6274,40.0
8484,49.0
3711,63.0
246,27.0
1594,57.0
9682,48.0
1529,27.0
8223,71.0
923,29.0
7553,65.0
4364,43.0
669,54.0
3604,25.0
5108,72.0
1910,52.0
8344,35.0
5248,30.0
7183,16.0
3958,23.0
6957,39.0
6026,50.0
5643,73.0
2696,42.0
2591,38.0
5906,24.0
1781,50.0
6509,91.0
3013,30.0
7133,83.0
2307,77.0
7276,69.0
3690,46.0
687,17.0
6011,34.0
7071,72.0
612,73.0
7167,61.0
9205,92.0
3200,30.0
2267,79.0
9781,62.0
6629,24.0
4135,72.0
1898,55.0
9530,78.0
8153,51.0
258,71.0
2924,74.0
9424,64.0
4943,83.0
2822,23.0
6529,69.0
3339,74.0
3525,66.0
4563,62.0
9656,69.0
7908,52.0
5329,68.0
5223,68.0
2285,24.0
6063,27.0
4654,90.0
5000,51.0
6710,63.0
9324,52.0
484,33.0
2211,48.0
5416,49.0
7563,66.0
2555,34.0
7,42.0
3657,39.0
6411,51.0
9164,55.0
4874,36.0
4402,31.0
8916,67.0
5546,77.0
5297,77.0
2426,57.0
6744,65.0
1814,37.0
6822,45.0
9625,79.0
2274,31.0
1011,52.0
1577,45.0
7264,67.0
1067,77.0
1991,42.0
3970,47.0
9073,91.0
5879,64.0
8430,52.0
4542,86.0
9326,67.0
7193,64.0
3867,75.0
9415,53.0
6823,69.0
3048,58.0
781,50.0
6747,49.0
2675,54.0
1749,48.0
6222,78.0
7946,80.0
2791,48.0
6519,56.0
5774,92.0
6357,43.0
4979,46.0
7588,81.0
1091,27.0
6526,61.0
9607,48.0
4627,80.0
2324,63.0
6534,82.0
8971,80.0
5055,64.0
2608,58.0
9020,85.0
2290,59.0
1727,29.0
610,74.0
4666,28.0
8051,36.0
5413,58.0
343,68.0
4683,59.0
8784,57.0
3750,54.0
8453,30.0
9307,62.0
5999,74.0
3215,50.0
97,81.0
7387,32.0
7665,60.0
5176,70.0
7279,31.0
6165,75.0
1537,49.0
3588,80.0
9442,56.0
6985,43.0
3648,34.0
2657,80.0
9826,55.0
1517,23.0
5061,51.0
9349,63.0
4624,54.0
4272,61.0
3669,76.0
6566,57.0
5800,48.0
2090,65.0
7097,60.0
6171,75.0
572,40.0
9558,37.0
4688,90.0
9074,73.0
3062,41.0
9293,58.0
6470,49.0
7160,69.0
6633,54.0
8491,75.0
7925,60.0
7345,47.0
6304,61.0
7900,32.0
9439,75.0
8185,35.0
4479,63.0
4948,35.0
5976,41.0
370,88.0
1938,42.0
2352,39.0
7127,27.0
1753,80.0
3670,50.0
7298,64.0
3652,53.0
5201,53.0
7909,28.0
2361,87.0
4260,73.0
5432,76.0
6285,41.0
4991,64.0
7600,48.0
9462,78.0
3737,54.0
7520,47.0
8559,72.0
8926,49.0
9990,40.0
5591,25.0
1171,35.0
7370,84.0
7937,43.0
8086,55.0
1422,77.0
6782,75.0
9443,77.0
8139,31.0
9350,57.0
8018,65.0
6339,28.0
9647,56.0
874,88.0
2297,79.0
2643,87.0
7531,80.0
1719,32.0
5347,33.0
5932,61.0
840,27.0
9937,54.0
581,43.0
204,38.0
1641,67.0
2014,49.0
3253,78.0
7540,78.0
905,85.0
631,34.0
8420,33.0
7823,50.0
1974,39.0
162,36.0
4998,77.0
1243,78.0
9450,59.0
7764,53.0
4713,65.0
875,56.0
1431,68.0
8738,58.0
6868,33.0
4643,59.0
5080,25.0
5783,54.0
9138,47.0
7616,46.0
8039,67.0
7955,61.0
9437,72.0
2856,70.0
1861,39.0
2659,57.0
3384,50.0
9564,55.0
9776,26.0
8090,64.0
8347,82.0
7462,36.0
6886,41.0
4733,20.0
3331,73.0
9006,72.0
8635,69.0
6404,69.0
8346,28.0
9464,64.0
7060,32.0
2096,56.0
2003,64.0
8804,45.0
9732,37.0
4676,59.0
5017,59.0
7469,42.0
546,65.0
1449,64.0
3986,88.0
6900,67.0
2610,52.0
1900,45.0
3920,43.0
2757,46.0
6124,76.0
6397,93.0
1885,63.0
9823,84.0
5738,18.0
8667,48.0
5890,43.0
2097,57.0
9289,37.0
5692,42.0
499,84.0
5624,78.0
836,49.0
3471,28.0
4697,78.0
6280,65.0
8883,60.0
2171,52.0
9231,82.0
5678,73.0
9184,79.0
398,75.0
2010,77.0
5166,63.0
5871,27.0
9792,36.0
1283,59.0
8390,68.0
2448,31.0
4256,37.0
1836,35.0
9596,21.0
1019,54.0
5066,76.0
1326,44.0
8752,75.0
475,61.0
2810,40.0
8632,61.0
1651,41.0
9611,27.0
1169,36.0
2528,60.0
1206,27.0
6256,43.0
7926,41.0
5469,38.0
9383,83.0
431,56.0
7700,55.0
867,46.0
2974,95.0
5236,95.0
5093,72.0
5433,68.0
541,64.0
5195,77.0
1132,97.0
9837,74.0
4501,37.0
6354,63.0
9333,36.0
3390,32.0
3888,70.0
2962,49.0
4155,40.0
3259,32.0
6302,48.0
6034,91.0
7918,77.0
9936,49.0
2583,75.0
2813,59.0
3959,29.0
2947,86.0
6643,35.0
5174,56.0
6841,67.0
8298,28.0
3586,26.0
9228,61.0
7988,29.0
2563,38.0
2630,63.0
3190,56.0
7778,37.0
7645,54.0
5036,26.0
1080,73.0
4283,51.0
9711,49.0
7085,58.0
2085,43.0
6345,57.0
2452,65.0
4966,38.0
2023,52.0
8071,37.0
8987,70.0
8718,76.0
7321,67.0
226,30.0
1013,78.0
6679,44.0
1929,49.0
1043,22.0
5251,66.0
1404,55.0
2179,41.0
697,64.0
1124,71.0
7378,54.0
3895,45.0
8217,62.0
5110,79.0
1778,72.0
7786,69.0
2634,84.0
7187,84.0
7544,67.0
7604,71.0
3489,64.0
8259,56.0
1037,91.0
6093,28.0
2256,78.0
8188,38.0
2613,60.0
313,79.0
2649,81.0
2281,69.0
6741,85.0
2979,73.0
2547,77.0
5512,51.0
5132,56.0
2159,43.0
7080,80.0
3137,93.0
9079,63.0
5850,15.0
9865,75.0
6445,51.0
3967,67.0
1428,44.0
8422,31.0
2520,67.0
7837,15.0
4969,66.0
1855,42.0
8884,88.0
5602,31.0
9344,49.0
9868,40.0
448,22.0
7703,49.0
1284,73.0
5995,41.0
7899,84.0
3727,55.0
7353,38.0
361,62.0
6279,47.0
5230,61.0
8942,65.0
7295,67.0
8891,71.0
7534,58.0
6251,81.0
5926,76.0
5149,80.0
2460,44.0
22,73.0
2066,79.0
1653,25.0
702,75.0
8490,72.0
2743,31.0
1376,24.0
1724,88.0
2468,60.0
3754,58.0
2325,42.0
460,56.0
5163,33.0
4183,73.0
5526,36.0
4082,37.0
1486,35.0
3678,39.0
282,52.0
6579,24.0
4558,68.0
4308,47.0
6684,74.0
4865,50.0
3537,25.0
3868,66.0
7003,59.0
2581,83.0
1368,48.0
9469,88.0
8197,71.0
597,49.0
4351,87.0
6346,39.0
8976,43.0
6379,39.0
4758,49.0
646,34.0
6381,36.0
7527,82.0
9697,52.0
6023,70.0
7954,66.0
7165,67.0
3468,77.0
7797,26.0
7697,39.0
2990,73.0
9407,51.0
4875,49.0
2544,60.0
8595,13.0
5341,80.0
1567,44.0
9994,39.0
4066,75.0
3988,81.0
7031,67.0
2160,30.0
685,68.0
7602,63.0
7784,91.0
3243,83.0
5844,51.0
9219,84.0
2461,58.0
4083,49.0
2837,61.0
3697,48.0
7128,82.0
6267,83.0
4941,76.0
5946,30.0
4583,18.0
5784,26.0
4040,59.0
2230,76.0
7569,55.0
935,76.0
2320,53.0
4878,53.0
521,49.0
522,44.0
5345,25.0
9876,71.0
3359,74.0
1311,46.0
3983,75.0
6494,34.0
9560,28.0
1716,65.0
780,69.0
8798,70.0
8231,29.0
5607,69.0
5978,72.0
651,60.0
3747,74.0
2196,87.0
8418,37.0
369,77.0
9884,48.0
8005,32.0
4214,36.0
377,34.0
9446,61.0
2216,69.0
8682,55.0
1613,89.0
6979,40.0
7549,78.0
1827,51.0
3632,67.0
962,61.0
2993,76.0
6606,56.0
9672,32.0
2376,61.0
8880,77.0
359,66.0
3839,42.0
8184,37.0
1246,64.0
7504,71.0
8349,62.0
6511,82.0
5087,43.0
3694,44.0
1573,23.0
6281,22.0
5439,28.0
2567,46.0
3423,44.0
2037,67.0
9243,53.0
772,60.0
5380,85.0
9568,26.0
3562,74.0
562,57.0
6683,55.0
2546,71.0
5510,92.0
5330,55.0
9667,67.0
4531,47.0
1674,28.0
7395,58.0
365,66.0
8016,56.0
9376,72.0
4327,36.0
9983,79.0
147,36.0
1668,60.0
3088,61.0
8844,40.0
7650,33.0
407,75.0
9584,14.0
7788,55.0
3456,73.0
6186,94.0
4182,44.0
3576,32.0
3271,48.0
4940,74.0
1031,20.0
8872,63.0
6230,44.0
6592,57.0
8906,24.0
9811,54.0
6724,84.0
8029,66.0
8052,43.0
855,27.0
3926,33.0
8547,38.0
78,15.0
7088,20.0
2247,50.0
8263,67.0
4026,49.0
9949,75.0
9571,80.0
9295,74.0
714,74.0
7451,78.0
788,41.0
2279,87.0
4095,32.0
3897,30.0
7944,77.0
7177,59.0
9076,64.0
9452,47.0
3631,32.0
8624,81.0
7297,36.0
6272,84.0
424,51.0
392,62.0
3191,88.0
16,67.0
6335,53.0
4200,80.0
2672,57.0
2444,47.0
6697,71.0
6164,47.0
2601,71.0
3493,52.0
6044,32.0
1459,43.0
3804,39.0
9845,27.0
7394,56.0
4839,52.0
8111,44.0
3835,74.0
9313,28.0
5683,41.0
8748,27.0
5827,26.0
9748,72.0
4724,45.0
8759,36.0
5887,84.0
2355,84.0
6036,75.0
4798,59.0
2442,63.0
8645,62.0
4592,59.0
8772,48.0
464,64.0
163,58.0
9261,40.0
9433,41.0
8405,44.0
9777,36.0
9478,32.0
7380,53.0
6636,35.0
241,43.0
2009,39.0
6356,38.0
3084,51.0
6208,55.0
900,90.0
5542,24.0
6007,84.0
7638,86.0
6793,53.0
8869,38.0
7758,37.0
4837,55.0
2293,30.0
6548,53.0
7898,49.0
7977,44.0
4481,82.0
5302,49.0
4605,56.0
3716,45.0
9071,76.0
6140,88.0
1764,76.0
6598,43.0
1549,69.0
3029,58.0
8653,61.0
6298,36.0
6662,93.0
6626,51.0
2044,51.0
767,18.0
5693,64.0
7870,46.0
7795,33.0
1508,65.0
7230,58.0
7857,37.0
3302,22.0
4517,78.0
4219,46.0
9078,67.0
9940,90.0
3292,51.0
819,43.0
1403,83.0
1382,83.0
2148,50.0
6928,85.0
5671,31.0
1638,75.0
5891,39.0
7427,36.0
608,90.0
6907,46.0
399,63.0
7247,78.0
6406,20.0
882,47.0
3565,24.0
4285,48.0
1179,35.0
5448,78.0
4244,32.0
5218,68.0
3976,30.0
2130,50.0
5078,82.0
456,42.0
5582,66.0
5175,86.0
1950,30.0
5372,71.0
689,54.0
8852,44.0
6525,54.0
9821,53.0
6488,74.0
6921,90.0
1953,49.0
7634,68.0
5636,84.0
7154,27.0
8424,25.0
6610,64.0
2710,44.0
8730,89.0
3201,29.0
4349,21.0
4138,77.0
1884,31.0
8639,26.0
4485,53.0
2494,38.0
5947,78.0
3036,73.0
5777,57.0
3603,24.0
845,50.0
542,84.0
3724,47.0
4187,77.0
3679,41.0
8899,86.0
7967,65.0
8485,27.0
6075,55.0
7340,76.0
8225,47.0
7246,37.0
9710,35.0
8290,86.0
7137,26.0
2964,67.0
7559,22.0
2529,49.0
7284,37.0
5772,68.0
1048,57.0
7045,70.0
1960,68.0
2530,87.0
9048,57.0
7603,43.0
6524,87.0
237,70.0
4917,42.0
6479,49.0
1133,83.0
6976,39.0
5901,87.0
9057,52.0
4259,42.0
8840,37.0
6965,48.0
9979,20.0
792,42.0
1985,50.0
5656,60.0
8739,61.0
7935,39.0
6097,29.0
5907,29.0
7373,49.0
8128,91.0
2978,81.0
8861,15.0
9301,77.0
6721,74.0
7842,70.0
5524,18.0
8721,64.0
8431,59.0
9008,87.0
8603,41.0
7174,30.0
3919,60.0
3138,48.0
9416,31.0
9933,65.0
5789,34.0
4073,63.0
3287,59.0
3229,78.0
1826,36.0
5548,50.0
593,41.0
2725,100.0
4137,46.0
560,45.0
7406,70.0
8806,49.0
8386,38.0
243,43.0
7268,72.0
5435,68.0
4437,63.0
9684,70.0
8106,79.0
405,48.0
1442,45.0
261,28.0
4406,42.0
7633,58.0
9533,65.0
1689,49.0
9866,89.0
1725,61.0
8994,41.0
4930,57.0
5962,43.0
2496,41.0
9014,50.0
6904,68.0
6106,77.0
8200,73.0
340,51.0
2408,33.0
1601,89.0
9864,20.0
8359,33.0
5782,34.0
4576,71.0
7971,89.0
3725,55.0
2556,70.0
2785,61.0
1523,36.0
7717,36.0
2507,73.0
2831,57.0
1012,88.0
5280,73.0
4895,85.0
1766,55.0
4551,75.0
7121,29.0
6549,40.0
4037,31.0
8270,67.0
148,47.0
285,58.0
7800,56.0
9651,24.0
363,62.0
5367,65.0
9945,75.0
8410,55.0
9453,72.0
4725,82.0
7271,82.0
6770,33.0
4443,54.0
7446,25.0
236,56.0
7709,47.0
9585,41.0
2562,55.0
7123,65.0
8536,76.0
9602,55.0
5519,20.0
9613,43.0
3083,61.0
2959,71.0
2102,50.0
632,37.0
6813,22.0
2493,72.0
2665,45.0
8494,62.0
8425,69.0
9266,59.0
4211,56.0
3874,77.0
2817,50.0
8268,52.0
9815,87.0
7426,22.0
8602,61.0
8475,68.0
1735,71.0
7397,39.0
4255,40.0
8288,47.0
2475,43.0
9984,34.0
3713,44.0
8978,56.0
1804,38.0
707,41.0
9191,74.0
5189,52.0
5472,64.0
72,81.0
7843,58.0
5101,56.0
6764,30.0
1125,63.0
1241,50.0
8253,70.0
2349,50.0
6602,34.0
6780,54.0
4358,19.0
1343,27.0
9988,20.0
8679,93.0
9575,59.0
6652,55.0
1100,45.0
7327,85.0
7622,77.0
987,48.0
2852,40.0
630,34.0
1249,55.0
3179,29.0
482,89.0
3040,98.0
5010,69.0
8727,95.0
7000,30.0
3273,41.0
7227,88.0
3683,71.0
6674,42.0
6807,60.0
9738,39.0
1316,22.0
3225,80.0
1072,76.0
4815,74.0
8459,30.0
5752,90.0
9145,50.0
4616,82.0
3097,70.0
6869,42.0
1300,61.0
7285,81.0
6284,43.0
5495,81.0
5291,71.0
1798,57.0
5203,71.0
8227,33.0
5047,56.0
6441,26.0
8105,78.0
2359,70.0
9380,37.0
3654,45.0
7052,50.0
1286,90.0
9126,65.0
4445,55.0
2137,83.0
6787,82.0
9752,45.0
8510,69.0
9539,80.0
6894,61.0
8569,89.0
7151,71.0
963,73.0
6012,54.0
4882,32.0
140,58.0
9032,45.0
6936,43.0
6542,44.0
5243,26.0
4431,74.0
406,17.0
8212,38.0
8376,52.0
8627,57.0
8234,73.0
4399,84.0
5252,77.0
11,73.0
4760,69.0
1177,63.0
2863,51.0
6471,35.0
6228,37.0
2989,70.0
7117,26.0
7010,27.0
8557,89.0
1440,24.0
9747,23.0
2875,85.0
9098,63.0
8788,48.0
7232,90.0
3726,47.0
2772,63.0
454,70.0
8189,65.0
1367,44.0
3712,65.0
9852,59.0
1388,31.0
1000,76.0
7761,83.0
3553,13.0
4114,53.0
1667,28.0
3173,47.0
9397,47.0
488,25.0
3230,65.0
3828,45.0
8651,50.0
5208,42.0
7848,72.0
5704,61.0
9639,77.0
8133,59.0
703,67.0
5105,18.0
8893,76.0
3291,27.0
8125,89.0
9631,70.0
9021,48.0
4909,80.0
4440,60.0
986,47.0
9236,69.0
9883,66.0
7705,51.0
6257,64.0
6089,33.0
5238,45.0
1198,43.0
9070,25.0
7519,38.0
6812,60.0
8320,80.0
7175,47.0
4470,48.0
891,28.0
1969,35.0
5757,15.0
6527,77.0
6294,73.0
7595,84.0
3249,31.0
6570,48.0
6638,95.0
7351,37.0
9172,88.0
7473,70.0
9601,66.0
8673,52.0
1239,41.0
2289,24.0
2740,27.0
4585,64.0
1229,79.0
6980,67.0
5178,28.0
4293,51.0
1058,36.0
6262,85.0
281,63.0
968,43.0
3953,70.0
1939,77.0
8464,50.0
1274,42.0
619,69.0
8505,34.0
1742,80.0
1390,74.0
2203,24.0
3568,48.0
6116,88.0
9970,55.0
6052,31.0
3178,66.0
3192,84.0
6099,47.0
7029,72.0
575,43.0
6656,95.0
7115,41.0
8802,25.0
6276,11.0
8984,87.0
5897,52.0
5724,86.0
269,71.0
629,73.0
3081,60.0
3466,68.0
6430,37.0
9311,76.0
7062,61.0
9727,20.0
5543,69.0
4356,48.0
2113,83.0
8219,28.0
3216,47.0
3814,64.0
8321,48.0
8589,74.0
2278,46.0
4599,34.0
13,33.0
9225,51.0
1525,65.0
2365,78.0
4648,54.0
374,44.0
8521,40.0
6477,29.0
525,76.0
6895,92.0
3591,55.0
7904,46.0
2958,59.0
529,71.0
3714,65.0
4732,79.0
1394,96.0
5631,37.0
6563,27.0
4703,57.0
1712,50.0
9755,69.0
955,60.0
6675,34.0
3453,43.0
2071,34.0
9740,54.0
158,58.0
7005,45.0
352,90.0
6078,36.0
6236,37.0
2920,64.0
4644,37.0
661,57.0
7057,46.0
3665,41.0
7979,80.0
306,69.0
4790,79.0
2356,30.0
1927,63.0
9939,40.0
3427,50.0
3638,52.0
1266,42.0
1560,55.0
7179,44.0
4109,26.0
7867,63.0
4904,39.0
7294,55.0
514,27.0
894,84.0
21,85.0
899,62.0
207,65.0
458,72.0
2430,62.0
8442,61.0
3389,42.0
3911,21.0
5383,72.0
552,68.0
3144,37.0
6917,49.0
2056,73.0
1925,38.0
634,85.0
6082,82.0
9270,32.0
9678,39.0
105,45.0
3041,45.0
1709,86.0
89,29.0
7014,50.0
3174,63.0
917,33.0
7833,17.0
6732,74.0
1949,57.0
6368,32.0
1,65.0
8032,27.0
6047,34.0
2720,47.0
9812,75.0
3117,64.0
9465,61.0
3762,55.0
213,72.0
778,37.0
3496,45.0
8817,71.0
2043,42.0
5420,40.0
6154,64.0
8357,59.0
8707,35.0
8465,76.0
4167,44.0
3788,46.0
583,73.0
9911,59.0
9986,25.0
116,23.0
6644,33.0
9033,75.0
9951,34.0
8959,73.0
1763,58.0
1875,46.0
3224,34.0
526,22.0
7725,42.0
2946,67.0
4473,16.0
5655,74.0
6059,45.0
959,84.0
6342,55.0
3633,69.0
1050,50.0
3380,26.0
3676,24.0
5776,90.0
9045,16.0
6573,59.0
5179,21.0
1607,33.0
3610,40.0
9758,48.0
6635,58.0
9997,74.0
791,45.0
3056,47.0
1980,49.0
3598,50.0
933,39.0
7424,76.0
5626,78.0
1682,59.0
4179,41.0
6446,76.0
4116,30.0
988,78.0
2896,54.0
3778,67.0
5658,25.0
3093,55.0
3155,40.0
1823,32.0
9622,85.0
1098,32.0
2844,55.0
3342,88.0
38,32.0
6540,63.0
9473,31.0
3356,20.0
7813,26.0
8220,41.0
9227,32.0
2428,42.0
5043,63.0
5346,67.0
4811,56.0
8476,41.0
686,72.0
4799,66.0
7437,25.0
2353,63.0
6353,48.0
4569,83.0
8213,74.0
2752,46.0
8073,48.0
1040,49.0
7491,63.0
1265,56.0
9265,62.0
7059,59.0
277,73.0
5084,63.0
2382,68.0
571,56.0
1435,30.0
5352,74.0
5445,84.0
1007,44.0
4543,29.0
8816,89.0
2064,75.0
1136,51.0
5343,72.0
294,38.0
2403,57.0
3998,82.0
3741,62.0
9222,34.0
2719,76.0
9199,61.0
5150,83.0
2808,32.0
556,36.0
8925,73.0
4795,72.0
2469,32.0
3738,33.0
4286,42.0
2604,69.0
362,62.0
6924,61.0
1704,48.0
2139,50.0
3239,15.0
2383,26.0
7314,45.0
4311,79.0
1312,59.0
3930,49.0
6183,44.0
1591,72.0
9387,68.0
2162,90.0
2396,38.0
317,50.0
5233,88.0
5068,42.0
4036,49.0
3020,53.0
8228,83.0
5295,27.0
3972,52.0
5370,45.0
4133,72.0
974,51.0
7291,58.0
954,38.0
9306,85.0
5016,70.0
9730,36.0
7490,43.0
1640,71.0
1290,68.0
1380,41.0
1933,41.0
4675,71.0
892,66.0
7287,46.0
4876,56.0
7906,74.0
8194,90.0
9379,86.0
2466,74.0
7657,17.0
1913,69.0
2736,58.0
726,36.0
7214,55.0
8245,64.0
1796,71.0
3845,34.0
6402,44.0
936,39.0
2265,36.0
824,92.0
7274,59.0
1389,60.0
3564,86.0
5429,72.0
7827,56.0
5690,54.0
7878,26.0
1868,79.0
8202,74.0
7486,21.0
806,85.0
4805,63.0
9152,72.0
7511,68.0
8056,41.0
4494,52.0
2632,48.0
8900,77.0
8623,45.0
7832,52.0
4388,64.0
145,100.0
6467,65.0
2033,19.0
9127,50.0
1165,64.0
2050,45.0
3760,35.0
4435,65.0
3430,60.0
8190,66.0
8753,67.0
7069,89.0
4361,41.0
1771,36.0
3511,64.0
271,21.0
8436,28.0
2032,57.0
9664,75.0
3810,29.0
4346,58.0
545,60.0
3241,80.0
8502,66.0
9918,63.0
7564,81.0
920,70.0
9118,39.0
6640,32.0
7694,65.0
8230,39.0
7126,60.0
4278,67.0
2983,97.0
130,77.0
7980,35.0
2667,53.0
7138,59.0
3223,36.0
7693,37.0
5392,66.0
614,32.0
9902,79.0
1466,41.0
4497,39.0
3042,45.0
2419,58.0
5085,54.0
3294,23.0
6737,71.0
1500,67.0
1521,41.0
9117,62.0
4232,40.0
7686,68.0
4430,43.0
390,75.0
9858,40.0
7124,57.0
5913,38.0
8592,18.0
4806,31.0
8954,60.0
8238,83.0
8044,61.0
9782,50.0
3993,55.0
9551,29.0
6609,18.0
5319,59.0
7119,54.0
2421,65.0
5604,71.0
1750,48.0
9015,64.0
9718,30.0
338,77.0
8407,48.0
1341,56.0
9544,40.0
7982,34.0
3640,46.0
329,51.0
8828,79.0
3004,88.0
6960,58.0
4090,81.0
2322,85.0
6667,45.0
7009,72.0
4197,77.0
3549,65.0
8363,87.0
4203,29.0
9310,41.0
8936,82.0
6185,72.0
1639,19.0
60,70.0
1240,53.0
5760,39.0
5136,60.0
2343,64.0
2120,71.0
1524,47.0
7617,41.0
153,74.0
481,41.0
6122,81.0
7674,47.0
7101,28.0
1762,74.0
7715,33.0
9081,29.0
7479,47.0
6212,89.0
4853,71.0
2711,67.0
6766,79.0
4150,34.0
1333,75.0
8378,27.0
9389,92.0
9707,32.0
9121,74.0
3850,64.0
8340,68.0
4124,86.0
8963,44.0
4788,77.0
2866,21.0
1386,56.0
5941,59.0
3067,87.0
9058,52.0
3629,20.0
9455,43.0
8949,59.0
3028,58.0
2969,53.0
8646,84.0
6136,60.0
8801,34.0
4263,72.0
645,66.0
9653,78.0
2074,39.0
341,40.0
8041,24.0
1622,28.0
7141,46.0
5796,91.0
7184,23.0
8232,36.0
5475,71.0
9252,59.0
74,65.0
8633,72.0
9229,74.0
2051,37.0
2541,49.0
1301,64.0
5877,32.0
7368,65.0
1304,93.0
8428,80.0
9094,68.0
2599,38.0
2573,44.0
3186,31.0
2768,45.0
4831,26.0
4223,26.0
9649,62.0
2106,66.0
2679,62.0
1387,72.0
8931,28.0
9659,79.0
7083,29.0
1279,94.0
804,49.0
1555,28.0
9486,54.0
4566,85.0
9669,42.0
4841,21.0
3594,41.0
6035,61.0
6852,53.0
8705,41.0
4177,76.0
1308,59.0
3452,43.0
3695,47.0
4242,29.0
2198,31.0
4425,69.0
6150,63.0
943,40.0
822,18.0
5005,64.0
6612,69.0
8356,61.0
5619,48.0
4547,39.0
2538,90.0
5207,45.0
9514,76.0
9009,53.0
3054,71.0
3675,63.0
7776,29.0
7218,23.0
6722,61.0
3300,49.0
3310,69.0
7221,67.0
8519,63.0
5954,66.0
832,74.0
3462,59.0
7643,26.0
54,78.0
3451,28.0
6305,29.0
1481,67.0
4873,60.0
8038,39.0
3335,23.0
6016,45.0
4926,41.0
5797,29.0
9831,57.0
5083,51.0
6645,55.0
5490,52.0
768,84.0
2065,38.0
9500,65.0
7311,78.0
8477,63.0
4524,55.0
2717,61.0
2079,95.0
8914,37.0
951,40.0
8058,26.0
2482,60.0
1759,47.0
4422,70.0
6704,73.0
5182,54.0
8533,45.0
3701,70.0
4243,68.0
688,37.0
3432,94.0
4944,73.0
966,33.0
9484,53.0
2713,61.0
4757,49.0
9545,68.0
6320,65.0
5975,49.0
3572,35.0
5299,73.0
1990,53.0
1205,80.0
4971,17.0
6783,72.0
3600,82.0
6490,72.0
8609,60.0
9978,72.0
8070,57.0
8577,50.0
7973,22.0
1625,37.0
536,64.0
8766,49.0
7970,61.0
4212,78.0
6456,84.0
3507,54.0
8393,26.0
7112,55.0
2708,68.0
5031,85.0
6514,32.0
4662,69.0
4021,48.0
1854,61.0
9425,23.0
2872,39.0
3030,38.0
1645,50.0
3417,66.0
3476,21.0
9552,70.0
1792,53.0
3797,59.0
3368,50.0
7196,46.0
9641,70.0
5109,75.0
6024,47.0
8795,50.0
9294,69.0
126,49.0
5959,77.0
3876,16.0
4451,56.0
7147,89.0
3531,69.0
827,69.0
7790,54.0
984,53.0
7783,44.0
2443,60.0
8554,30.0
345,67.0
814,46.0
6166,51.0
5779,43.0
2116,46.0
793,65.0
6898,54.0
2674,74.0
94,69.0
4225,48.0
3756,26.0
2891,52.0
2371,26.0
9388,67.0
3228,60.0
7863,36.0
6359,95.0
9196,50.0
7326,56.0
6028,33.0
1865,89.0
4612,84.0
2645,87.0
2243,74.0
5373,59.0
2336,30.0
950,71.0
1120,40.0
2204,39.0
419,41.0
922,82.0
8669,66.0
5408,40.0
5788,57.0
5742,46.0
7667,28.0
5567,72.0
8135,85.0
1202,30.0
5765,31.0
8389,66.0
1970,30.0
4018,60.0
3687,81.0
1997,70.0
4033,73.0
1248,66.0
2192,71.0
2712,53.0
2190,31.0
4670,61.0
5142,72.0
5984,77.0
6565,48.0
7804,43.0
6943,59.0
2136,77.0
1065,71.0
600,37.0
4227,81.0
7577,49.0
77,35.0
7546,26.0
2898,78.0
4820,38.0
9302,51.0
6413,25.0
9064,78.0
8007,55.0
5468,61.0
5951,66.0
3391,84.0
5415,62.0
2560,49.0
8162,40.0
2635,63.0
5256,80.0
3530,98.0
8567,62.0
1908,28.0
235,38.0
1604,33.0
7984,64.0
3490,71.0
1994,73.0
2824,54.0
9285,84.0
1342,34.0
8512,76.0
1619,28.0
5287,42.0
2060,24.0
9955,84.0
2219,37.0
6038,57.0
260,89.0
9365,88.0
9093,25.0
3744,46.0
2026,74.0
6988,54.0
4234,83.0
1917,33.0
1828,46.0
6233,43.0
9332,52.0
6283,19.0
4208,69.0
224,46.0
8915,85.0
6469,49.0
9413,34.0
846,67.0
4289,38.0
5560,55.0
2551,64.0
117,56.0
8837,63.0
5966,69.0
8195,50.0
8659,77.0
7489,45.0
5,61.0
5342,27.0
9111,90.0
4324,85.0
1063,34.0
2590,35.0
8434,79.0
3735,33.0
3517,39.0
6986,61.0
6767,60.0
5622,61.0
1605,58.0
1733,83.0
9341,69.0
3812,74.0
9624,81.0
1761,22.0
5401,56.0
2739,41.0
2472,34.0
6738,34.0
6891,91.0
7943,79.0
4206,39.0
6371,23.0
232,35.0
8258,61.0
7561,62.0
6168,29.0
3596,43.0
6288,45.0
4632,40.0
125,71.0
7641,70.0
6229,29.0
1296,50.0
1976,64.0
9480,36.0
9581,50.0
5750,40.0
8152,80.0
3086,55.0
9276,75.0
6882,30.0
9305,98.0
7673,37.0
3345,59.0
8172,40.0
9421,29.0
5870,70.0
6506,48.0
2797,47.0
918,43.0
1646,37.0
5122,73.0
5126,58.0
4621,94.0
6809,43.0
364,26.0
2125,81.0
8150,43.0
8717,85.0
55,91.0
638,44.0
302,34.0
5811,25.0
1276,77.0
4432,62.0
3644,78.0
4143,87.0
2878,52.0
6493,47.0
5240,57.0
9408,68.0
6937,24.0
7240,49.0
2593,30.0
2393,82.0
523,57.0
6376,44.0
6981,42.0
6677,37.0
3900,95.0
9634,56.0
5585,36.0
9360,42.0
7956,74.0
7570,78.0
6777,64.0
671,19.0
4188,40.0
666,24.0
3266,78.0
1887,65.0
8472,77.0
9091,16.0
7687,59.0
6031,32.0
6090,71.0
6238,85.0
7350,77.0
7830,67.0
760,35.0
6254,58.0
1906,27.0
3818,48.0
6269,37.0
4300,49.0
5569,44.0
7941,51.0
4164,42.0
5971,56.0
3579,37.0
2832,69.0
5449,62.0
3472,47.0
6327,47.0
137,68.0
7043,66.0
4892,70.0
2180,60.0
7730,54.0
3177,68.0
4854,68.0
4637,47.0
5115,63.0
7648,22.0
4261,88.0
1331,77.0
7002,45.0
6941,70.0
8017,73.0
6241,60.0
9987,69.0
6881,56.0
4530,45.0
4673,47.0
6996,82.0
1252,68.0
3374,73.0
2814,74.0
4719,21.0
6544,27.0
4858,84.0
7901,32.0
8580,76.0
8427,80.0
1077,99.0
4363,49.0
770,29.0
8865,68.0
249,60.0
7239,53.0
3419,44.0
4976,38.0
4544,72.0
5565,17.0
7939,28.0
716,33.0
9652,61.0
2048,50.0
5997,94.0
6600,34.0
7245,54.0
4178,49.0
4809,26.0
9482,55.0
7140,56.0
7190,90.0
1460,70.0
5989,33.0
2000,58.0
8175,50.0
404,43.0
384,68.0
9448,42.0
9487,80.0
1633,39.0
9853,77.0
4784,79.0
9456,35.0
6970,32.0
3925,29.0
4158,45.0
7449,52.0
8415,55.0
2193,59.0
1015,26.0
5124,71.0
7418,29.0
7409,80.0
8989,61.0
2871,45.0
9,69.0
1838,87.0
4804,74.0
255,23.0
7026,58.0
5713,64.0
3324,53.0
7714,67.0
1581,75.0
924,42.0
2779,51.0
7891,53.0
6132,56.0
5320,28.0
7312,35.0
7102,44.0
6042,69.0
3775,38.0
4835,83.0
4964,81.0
539,58.0
7483,53.0
2745,33.0
3719,34.0
6819,40.0
9337,28.0
4468,15.0
667,60.0
7575,56.0
8549,40.0
5063,71.0
1353,42.0
7114,71.0
9773,35.0
8662,51.0
2703,62.0
3330,45.0
8053,35.0
3584,51.0
9441,91.0
5645,81.0
3376,66.0
1256,82.0
6190,54.0
5348,46.0
4175,39.0
4910,60.0
1852,48.0
6316,27.0
9854,26.0
2105,83.0
133,49.0
5029,46.0
928,69.0
823,36.0
7576,76.0
1531,32.0
1214,75.0
504,81.0
6530,74.0
3072,58.0
9086,67.0
8647,67.0
6619,39.0
9273,29.0
3709,64.0
4849,85.0
4748,67.0
4268,83.0
9878,58.0
8905,51.0
4186,56.0
5301,55.0
2923,82.0
6588,85.0
1810,64.0
3486,50.0
7419,42.0
3141,82.0
9347,40.0
1324,42.0
4312,56.0
7494,76.0
8702,34.0
8691,62.0
9503,41.0
5541,30.0
6172,63.0
1540,31.0
9409,73.0
2681,47.0
9882,54.0
6313,59.0
1191,47.0
5293,42.0
1542,65.0
7056,77.0
2539,23.0
953,77.0
7241,39.0
6731,94.0
4846,43.0
6801,52.0
8010,43.0
4330,25.0
8924,20.0
5334,22.0
7330,16.0
9348,58.0
4729,84.0
6541,60.0
5305,75.0
5161,79.0
7860,18.0
2156,94.0
1062,70.0
1167,78.0
3636,29.0
7651,93.0
5588,76.0
7192,31.0
4491,34.0
7266,35.0
4980,25.0
8335,63.0
9952,38.0
4946,81.0
2782,80.0
717,36.0
2502,67.0
4360,22.0
4171,38.0
8082,61.0
9760,62.0
395,53.0
7186,51.0
9822,47.0
4492,67.0
1365,45.0
9526,34.0
8787,62.0
5917,84.0
4968,67.0
2914,55.0
5644,46.0
3766,30.0
3440,82.0
7357,70.0
6806,46.0
2143,26.0
5104,55.0
5073,53.0
1571,44.0
4079,75.0
1122,47.0
2786,83.0
2967,41.0
2504,34.0
5988,50.0
8867,43.0
7164,49.0
728,65.0
7587,22.0
7543,42.0
412,34.0
5745,51.0
7668,54.0
825,71.0
3267,79.0
3974,42.0
8808,65.0
8306,96.0
417,72.0
6748,54.0
8967,28.0
2082,23.0
8945,45.0
3373,55.0
5726,69.0
4107,53.0
4380,43.0
7723,36.0
1066,34.0
3913,47.0
5536,54.0
8002,63.0
5387,82.0
5732,42.0
2738,17.0
5052,52.0
4000,57.0
2427,54.0
6833,27.0
1687,26.0
851,27.0
6303,71.0
9087,29.0
5878,30.0
8527,61.0
2839,30.0
4611,46.0
9540,54.0
9207,70.0
2489,34.0
6905,81.0
7390,75.0
2849,44.0
6665,54.0
5881,82.0
4452,67.0
7421,49.0
6484,53.0
2479,60.0
6617,14.0
2141,49.0
5188,49.0
9704,66.0
2744,14.0
7253,62.0
3506,39.0
1679,66.0
4249,47.0
3147,51.0
8130,64.0
7004,66.0
580,62.0
4070,67.0
3343,76.0
7404,72.0
3672,55.0
559,31.0
5237,48.0
7805,68.0
512,73.0
1081,74.0
1664,82.0
9204,89.0
1931,71.0
9666,61.0
1150,75.0
2838,71.0
5949,57.0
8308,64.0
8932,74.0
9788,46.0
5177,90.0
830,72.0
8311,39.0
4752,68.0
9850,59.0
635,31.0
4465,68.0
6799,58.0
7987,58.0
7079,43.0
6966,49.0
4142,80.0
7027,74.0
9183,72.0
876,66.0
4869,81.0
5315,90.0
5222,60.0
4,66.0
3051,47.0
5691,71.0
3124,66.0
2491,50.0
3854,35.0
4777,32.0
7509,57.0
6457,40.0
6293,21.0
1148,65.0
574,65.0
3769,78.0
4146,81.0
853,60.0
5919,75.0
9358,72.0
6614,81.0
6002,21.0
9163,76.0
4495,64.0
8173,81.0
6655,54.0
2368,66.0
4780,43.0
7992,78.0
2950,91.0
5625,53.0
6971,59.0
8716,26.0
1841,76.0
5986,69.0
537,46.0
2806,33.0
5801,77.0
5596,37.0
7206,55.0
7343,18.0
7560,69.0
8096,50.0
784,12.0
1409,23.0
154,42.0
7806,79.0
3009,73.0
1686,67.0
4014,65.0
7455,64.0
3863,69.0
2733,29.0
1895,89.0
5442,45.0
569,62.0
6709,68.0
5854,32.0
1816,32.0
8319,42.0
3394,33.0
3327,76.0
9982,44.0
6102,63.0
2975,65.0
980,85.0
190,47.0
9331,67.0
5088,34.0
699,60.0
9759,57.0
606,45.0
301,51.0
3420,34.0
9804,67.0
1060,78.0
3444,45.0
1069,52.0
2205,71.0
9435,76.0
7339,64.0
8208,72.0
7679,33.0
4642,77.0
7683,81.0
9007,64.0
7996,41.0
5600,34.0
9151,41.0
7022,59.0
4893,75.0
225,42.0
3354,69.0
5895,55.0
8754,36.0
3436,29.0
1693,54.0
6893,92.0
1045,65.0
3446,27.0
8050,27.0
9146,38.0
9981,46.0
4735,43.0
4496,71.0
1218,67.0
6015,53.0
9719,73.0
3987,64.0
4911,23.0
9492,43.0
4493,74.0
6944,72.0
5699,92.0
8352,22.0
956,57.0
2869,30.0
4433,80.0
4973,70.0
2961,80.0
2200,78.0
98,36.0
9849,73.0
2557,42.0
8445,36.0
4199,49.0
9637,88.0
5539,38.0
1648,71.0
6197,17.0
6295,39.0
4499,78.0
1154,52.0
2255,74.0
3170,79.0
7400,68.0
7158,34.0
3108,63.0
4548,24.0
5423,56.0
2049,41.0
9208,88.0
8815,73.0
9797,43.0
262,60.0
4061,44.0
5534,33.0
6616,38.0
8120,61.0
8155,48.0
1802,65.0
4736,56.0
2385,84.0
6694,53.0
5759,25.0
1959,73.0
2976,18.0
8680,62.0
1843,95.0
1734,84.0
2911,82.0
8338,80.0
1986,52.0
9561,61.0
6546,68.0
7098,68.0
2811,60.0
659,51.0
2511,45.0
4282,67.0
9339,77.0
8800,86.0
6287,42.0
1930,66.0
7125,85.0
197,78.0
7777,46.0
2931,86.0
8004,78.0
2327,35.0
4389,92.0
8958,35.0
4218,48.0
202,48.0
3510,83.0
4931,45.0
5535,45.0
5791,92.0
1707,59.0
5172,87.0
5249,80.0
6528,30.0
9848,28.0
5855,21.0
8164,78.0
854,14.0
4737,21.0
698,38.0
3696,41.0
1636,30.0
7280,61.0
7554,33.0
3581,26.0
1291,39.0
6585,50.0
1853,41.0
5232,27.0
3763,36.0
3304,74.0
1495,43.0
7994,53.0
1998,60.0
663,86.0
3748,47.0
4413,66.0
5530,45.0
5575,86.0
8901,63.0
7526,79.0
9474,52.0
5864,31.0
6776,72.0
1306,71.0
7392,74.0
5592,27.0
9721,38.0
1663,49.0
5450,54.0
9954,92.0
3627,63.0
2693,68.0
9789,68.0
5915,75.0
3157,45.0
6668,77.0
1059,63.0
4636,32.0
3242,36.0
1678,39.0
6892,76.0
6374,24.0
7574,85.0
1757,60.0
6019,79.0
5116,59.0
8755,60.0
7408,32.0
2790,70.0
863,58.0
7858,78.0
1484,69.0
7035,58.0
7721,51.0
5977,24.0
5134,89.0
206,66.0
4488,25.0
6938,45.0
9062,58.0
6910,44.0
502,81.0
7385,50.0
1028,38.0
3840,37.0
8110,58.0
5056,57.0
9762,73.0
8154,40.0
2731,34.0
8996,79.0
2454,20.0
7215,18.0
3104,37.0
8392,24.0
6278,40.0
3099,41.0
6184,72.0
3561,43.0
5892,70.0
391,70.0
6736,42.0
5618,51.0
5258,68.0
9687,58.0
2695,96.0
2027,40.0
5463,57.0
2568,69.0
8006,40.0
64,41.0
2062,51.0
5276,34.0
7208,27.0
8684,67.0
8571,85.0
6331,80.0
4859,68.0
4887,63.0
9268,47.0
878,43.0
8529,44.0
7916,86.0
6863,73.0
7892,32.0
6439,59.0
7869,54.0
1016,74.0
9467,39.0
7629,93.0
995,60.0
4297,30.0
161,85.0
5675,80.0
6873,59.0
9692,40.0
7989,65.0
3843,46.0
1021,35.0
3073,63.0
7555,32.0
3943,53.0
1585,63.0
3152,34.0
8226,73.0
775,31.0
9670,60.0
7099,38.0
5486,38.0
6235,70.0
9555,72.0
7041,86.0
2612,62.0
7513,37.0
8433,81.0
8792,54.0
5393,41.0
8838,67.0
3890,56.0
3556,26.0
1528,20.0
1267,65.0
7734,30.0
1899,60.0
4658,34.0
3005,24.0
2734,71.0
189,42.0
9167,72.0
2747,34.0
2047,94.0
7849,34.0
2558,55.0
9274,87.0
8666,78.0
6396,56.0
3385,15.0
4555,37.0
1184,40.0
6420,61.0
5051,48.0
5311,65.0
2433,52.0
6949,38.0
769,59.0
1685,39.0
8322,59.0
5578,40.0
4426,71.0
466,78.0
6265,29.0
5734,48.0
5191,51.0
5390,44.0
860,20.0
7270,24.0
